index,close,returns,mfi,normal_close,normal_returns,normal_mfi
14,84.379807,-0.0025693380023780106,65.88407804612095,-0.12687216745142038,-0.38816706318236655,0.3494800668173734
15,84.030571,-0.004147446312478539,60.45699027568407,-0.14687930557409423,-0.4133768919229015,0.21357765902889891
16,84.398674,0.004371017468787106,62.360444539437836,-0.1257913090205589,-0.27729687023891664,0.26124300525169475
17,84.342049,-0.0006711480325410884,61.54228389268767,-0.12903525923243908,-0.357844021506259,0.2407550370163527
18,83.634163,-0.008428457603450746,61.282225964525175,-0.16958884757129056,-0.481764822454001,0.23424279691692274
19,83.407639,-0.002712185047647007,63.0273177658119,-0.18256602333810878,-0.3904490038605025,0.27794250984559365
20,82.105125,-0.0157394615109622,64.12634014639835,-0.2571848412856177,-0.5985560181216828,0.3054636766394552
21,82.256157,0.0018378056032633842,56.806303722825994,-0.248532474161542,-0.3177642050122035,0.12215899885593462
22,82.813019,0.006747039344031752,62.67907890732521,-0.2166307946403352,-0.23934060058663498,0.26922208715192486
23,82.746948,-0.0007981519289323824,62.14282010812571,-0.22041589017144592,-0.3598728724139646,0.25579336348064685
24,82.463791,-0.0034278313743092165,54.677332824276235,-0.23663747445657712,-0.4018812491750196,0.0688463782639861
25,82.728073,0.0031997002646370386,49.41985783165777,-0.2214972069087402,-0.2960083274490902,-0.06280867148049674
26,82.199516,-0.006409586325168928,42.51772800423151,-0.251777340986286,-0.4495139314036729,-0.23564834205401475
27,81.89748399999999,-0.0036811439705182374,35.029269892325445,-0.2690802420087115,-0.40592784542407107,-0.42317055121652547
28,82.07682,0.0021873679854611827,40.59081885905578,-0.2588063867292787,-0.3121800459700535,-0.28390103364406283
29,81.831413,-0.0029944460858701413,40.18648174636122,-0.27286533753982223,-0.3949580431882769,-0.294026240660755
30,82.208954,0.004603033674129439,36.620060819786495,-0.2512366539734874,-0.27359047774084,-0.3833347633179609
31,82.63369,0.005153241050132335,37.25663326842245,-0.22690424890163907,-0.2648010723292884,-0.3673940355905251
32,83.662476,0.012373094939568448,45.94834464570106,-0.16796684382119853,-0.149465972121385,-0.1497405621366481
33,84.042587,0.004533096903665466,53.03785554551978,-0.14619092931368005,-0.2747076976393592,0.02779141119468398
34,84.280411,0.0028258070623921015,63.073059170825545,-0.13256639571208417,-0.30198116438019074,0.2790879431497766
35,84.289917,0.00011278378731142049,63.288840421871626,-0.13202181309461647,-0.34532093497522187,0.2844914289257974
36,83.880882,-0.004864528313316587,56.66444317923003,-0.15545473450594827,-0.4248320717216162,0.11860659833094322
37,84.794067,0.010827854727681531,57.675654360020246,-0.10313991465188455,-0.17415074239686476,0.1439288411368589
38,84.946281,0.0017934927386995616,65.5215799835432,-0.09441983275252497,-0.3184720903452357,0.34040257229234827
39,86.259003,0.015335364606402353,67.95728018679985,-0.019216215798165237,-0.10214456173010009,0.40139615416817764
40,85.81190500000001,-0.005196683290305025,74.23687892734195,-0.04482970192322444,-0.43013815244598763,0.5586467137471036
41,86.39218100000001,0.0067394242472878785,81.14744419303678,-0.011586674053037704,-0.23946224957835938,0.7316976203315246
42,86.658524,0.003078210057662949,82.0572771523151,0.003671664689266052,-0.29794909874588027,0.7544812006017374
43,86.601456,-0.0006587557272460492,80.35022672660796,0.00040233575872949956,-0.35764605797473914,0.7117341007052367
44,86.430222,-0.0019792220462450695,80.76519367539126,-0.009407369681997402,-0.3787401296215004,0.7221254947415539
45,86.249489,-0.0020932750575968257,75.00446596646005,-0.019761256722065745,-0.38056209384608325,0.5778682430858446
46,86.981949,0.00845648311220046,74.4235819149448,0.02220013439836155,-0.21203272547991137,0.5633220362459854
47,87.11511999999999,0.0015298479950074727,74.38121918448546,0.029829275125361043,-0.32268373969419356,0.5622612100140456
48,87.43854499999999,0.0037057413846900335,73.97830469211286,0.04835774483445654,-0.2879244653399098,0.5521716275413635
49,87.26731099999999,-0.0019602554688492734,80.04217410022827,0.03854803939372964,-0.378437143974139,0.7040200014642746
50,86.886818,-0.004369619113813512,79.10736088245869,0.016750240754098478,-0.41692603885826157,0.6806108780999125
51,87.181709,0.003388220572617068,78.83501046452452,0.033644045997925254,-0.29299676946674447,0.6737908156419079
52,87.704895,0.005983163361794394,78.4982358442399,0.06361648459488833,-0.2515433008499553,0.6653574746467532
53,87.933205,0.002599779075186604,77.8140773815717,0.07669597727258459,-0.30559189680682336,0.6482251218420032
54,87.581223,-0.004010866523891165,71.32910754375163,0.05653152546722939,-0.41119506887712665,0.4858317623322792
55,87.961739,0.004335310190109349,71.04306503887997,0.07833064173785242,-0.27786728379956727,0.4786688295060104
56,88.332726,0.0042087259814894955,69.5939825528825,0.09958385776001588,-0.27988943031520114,0.44238163326718616
57,88.266121,-0.0007543084713126922,77.38212256175157,0.09576817027458873,-0.35917248572256255,0.6374083260663441
58,87.933205,-0.0037788611763947956,72.00455794021458,0.07669597727258459,-0.4074888498300327,0.5027460521141829
59,87.771469,-0.001840998785048489,72.5131009318342,0.06743039614289348,-0.3765320525710082,0.5154807304441589
60,87.999786,0.0025978892670456997,72.51270181083603,0.08051028983871689,-0.3056220859511804,0.5154707358564641
61,87.961739,-0.0004324468157790824,65.55622095270095,0.07833064173785242,-0.3540308378634049,0.3412700340537571
62,87.819038,-0.0016236249922654273,64.71702839389248,0.07015554347408948,-0.3730595684242182,0.3202553952337437
63,87.390984,-0.0048861914034118385,57.68444812663467,0.045633055809693346,-0.42517813338785077,0.14414905022633406
64,87.771469,0.00434437394441086,66.56922980830214,0.06743039614289348,-0.2777224929178357,0.36663729332993533
65,88.018799,0.002813923273613248,66.4187142134119,0.08159951236195706,-0.30217100450585643,0.3628681573548871
66,88.199547,0.002051410281499012,66.98717962857759,0.09195425872658447,-0.31435193139192563,0.37710338293688905
67,88.199547,0.0,66.44159501202125,0.09195425872658447,-0.3471226237088987,0.36344112682851026
68,88.437363,0.002692711774614987,74.93973232638979,0.10557833402174843,-0.3041073235224739,0.5762472157646388
69,88.313675,-0.0013995733387440206,66.52329185926723,0.09849245828122566,-0.3694804073627392,0.36548693826902845
70,89.407623,0.012310981619690995,69.00414225674447,0.16116288382447586,-0.15045821463515577,0.42761114864512306
71,88.951027,-0.005119987143250296,62.23615528841917,0.13500527338837998,-0.4289129534403595,0.25813061621541
72,88.989075,0.00042764953096268766,67.40542610128139,0.13718497877754832,-0.34029104480678096,0.3875769011650467
73,88.989075,0.0,67.09403340024485,0.13718497877754832,-0.3471226237088987,0.3797791614510979
74,88.722717,-0.0029976423787860724,56.111099174716266,0.1219257807106846,-0.395009103053116,0.1047500355242057
75,88.608582,-0.0012872517869539151,55.59841414457616,0.11538718013791627,-0.367686102709265,0.09191163434472038
76,89.57885,0.010890527787098035,57.00621025326404,0.1709721882470756,-0.17314955820410502,0.12716495784689874
77,89.797638,0.0024394290571373273,62.46101458814358,0.18350618169444033,-0.30815344246734044,0.2637614299296531
78,88.123436,-0.01882015860969073,54.38453321732673,0.08759398862368872,-0.6477692728541553,0.061514237479251
79,87.74294300000001,-0.004327075997653924,48.52884287069485,0.06579618998405756,-0.4162464247496434,-0.08512102088270046
80,88.199547,0.005190389485574939,48.48807457952854,0.09195425872658447,-0.2642076367016494,-0.08614191996620235
81,88.132965,-0.0007551869182734726,42.6447747337765,0.0881398888721483,-0.35918651866142814,-0.23246690162460637
82,86.439735,-0.019399174103194174,34.2952995603854,-0.00886238604640166,-0.657018879700474,-0.4415502678482188
83,86.458763,0.00022010601939207705,34.69706364962728,-0.007772304198601532,-0.3436064930237484,-0.43148949319328456
84,86.544373,0.0009896931231102167,32.15137869078086,-0.002867852496366119,-0.3313125592287843,-0.49523725811109476
85,87.29585300000001,0.008645693787402495,39.07376776344177,0.040183162165430275,-0.20901013907871535,-0.32189026568765866
86,87.628799,0.0038067407682202807,39.348728289945626,0.05925707381655343,-0.28631102908499584,-0.31500484220101166
87,87.91415400000001,0.0032511159971695376,45.29277441949007,0.07560457779379437,-0.2951869758324633,-0.1661570226740714
88,87.543182,-0.004228635419269021,48.022144476210826,0.05435222109618909,-0.41467386467482537,-0.0978095077371135
89,87.82856,0.0032545522858093198,48.53944095078356,0.07070104270442101,-0.29513208210460096,-0.08485562908088817
90,87.628799,-0.0022770328637098415,47.659000106428486,0.05925707381655343,-0.3834975722237051,-0.10690318676273858
91,87.153175,-0.005442496879324678,36.63672967633436,0.03200938153265742,-0.43406495420073343,-0.3829173501793204
92,87.000969,-0.0017479462188751496,37.525428875586584,0.02328975793972976,-0.37504556444970316,-0.36066299091946563
93,87.657341,0.0075161049018342444,43.88818910084007,0.06089219658825318,-0.22705499833845355,-0.20132994318379627
94,88.503937,0.009611675474696565,44.19728301967096,0.10939224556975269,-0.19357885800167368,-0.1935897684199539
95,88.59906,0.0010742111738187969,48.75897683419464,0.11484168090758473,-0.3299624075502145,-0.079358121685843
96,88.275642,-0.0036570335586648367,50.91301503681843,0.09631361221661727,-0.4055426884929544,-0.025417778247954104
97,88.247108,-0.0003232897770800149,49.602709272849886,0.09467894775134855,-0.35228708540115966,-0.05822979747352619
98,87.777107,-0.005340198414699209,42.000239587257006,0.06775338760063487,-0.4324307654970041,-0.24860702723551853
99,84.576164,-0.03714824881912483,30.93026250730955,-0.11562320795024128,-0.9405552700912371,-0.5258158366310924
100,83.66571,-0.0108232613690182,24.14171245617797,-0.16778157344618272,-0.520021127430494,-0.6958112994586795
101,83.359032,-0.003672250481789771,18.19470199002579,-0.18535063592881773,-0.4057857744861541,-0.8447333504149844
102,83.244034,-0.0013805030246381012,17.960965835159143,-0.19193867630790606,-0.3691757645511138,-0.8505864538799096
103,83.857384,0.007341083778563523,22.602153790415244,-0.1568008950724611,-0.2298509107073263,-0.7343641547761315
104,83.416534,-0.005271007291124832,18.209679741172508,-0.18205644387436148,-0.4313254570942088,-0.8443582850889391
105,82.678574,-0.008886051669723265,20.098590421232387,-0.2243329206665834,-0.48907475674024803,-0.7970571319887677
106,82.745674,0.0008112474983715162,20.16602173586915,-0.22048887547069462,-0.33416317702882226,-0.7953685508551811
107,83.272774,0.0063499180659600555,19.204529495368277,-0.1902922104520215,-0.24568449938327208,-0.819445756915087
108,82.908592,-0.004382953296977805,13.274587656685028,-0.21115557956571962,-0.41713904861926165,-0.9679403838700135
109,82.975685,0.0008089133566102926,13.754138785372433,-0.2073119353879589,-0.3342004642756354,-0.9559317052189489
110,82.467751,-0.006140293119803691,13.816664656607728,-0.2364106127728851,-0.44521204949557064,-0.9543659637367055
111,83.359032,0.010749645702762128,19.807224768794782,-0.18535063592881773,-0.1754001091935308,-0.8043533644043976
112,83.93405200000001,0.006874429602988194,26.238626893531674,-0.15240871538425704,-0.23730557764749352,-0.6433014206770724
113,84.125725,0.0022810107989892567,35.57902894061648,-0.1414280942988393,-0.3106841288161325,-0.4094037610840273
114,84.489914,0.004319760236755762,45.78596124437788,-0.12056432416701313,-0.27811568985538626,-0.15380688576327461
115,85.29493000000001,0.009482849158682829,56.042484198806775,-0.07444632286427666,-0.1956368215414344,0.10303181373917303
116,85.170349,-0.0014616586194077818,58.5935092156913,-0.08158335706023845,-0.3704722019580935,0.16691330170989982
117,84.55699200000001,-0.007227588276947832,50.884033238589595,-0.11672153931381146,-0.46258127854441244,-0.026143525891615615
118,85.534531,0.011494397199039132,59.581408115966006,-0.06071998794654032,-0.16350291712171133,0.1916517700888829
119,84.748665,-0.009230171829561339,59.10305807374292,-0.10574091822839282,-0.49457197783727824,0.1796731684421653
120,84.595329,-0.001810941602163526,60.5538602107142,-0.11452527760479825,-0.3760518976740958,0.21600342731748645
121,85.026596,0.00508504934486844,61.222232103199524,-0.08981872261977042,-0.2658904153105178,0.2327404607558794
122,84.65283199999999,-0.004405538242675913,60.437425393573704,-0.11123102826203901,-0.41749983666499935,0.2130877250717993
123,84.76783,0.0013575441897527142,59.086914108038,-0.10464298788294979,-0.32543624368521445,0.1792688993565419
124,85.256599,0.005749413178559334,65.70596456229511,-0.0766422408434666,-0.25527739314875897,0.3450198383605234
125,85.678291,0.00493395883626109,64.93495963639484,-0.05248422136888031,-0.26830404295694277,0.32571272001661167
126,85.65911899999999,-0.00022379234143940756,64.23017637925065,-0.05358255273245138,-0.3506976423340597,0.3080638914613314
127,86.243721,0.006801565974154784,66.21873336114226,-0.020091695659322006,-0.23846955327105968,0.3578603372339224
128,86.59833499999999,0.004103335794196173,66.57127513706162,0.00022353896206173118,-0.28157300840397526,0.3666885114260654
129,87.604614,0.011553078732525066,67.4650414277038,0.05787155618521833,-0.16256549641367507,0.38906975824505086
130,87.595024,-0.00010947511215265183,74.3586741090736,0.05732216135021684,-0.3488714573035608,0.5616966475522158
131,87.45127099999999,-0.0016424572975562725,74.13590397142474,0.04908679579068487,-0.37336040911311963,0.5561181495860013
132,86.349144,-0.012682843979061517,66.12643126082803,-0.0140521907906761,-0.5497274275798687,0.35554895436943856
133,86.60791,0.0029922594897376074,66.09358511036082,0.0007720744725041584,-0.29932213447712963,0.35472643755675826
134,86.47374,-0.0015503668571991292,66.06812076216352,-0.006914297270154357,-0.3718892906764541,0.3540887721311816
135,86.10955,-0.004220461211373253,59.04398955611327,-0.0277781246902844,-0.414543284042417,0.17819400427347531
136,87.096672,0.011398351352715932,65.99847896337646,0.028772420493860196,-0.16503722203700158,0.35234483716306886
137,87.211678,0.0013195697932771597,67.32737259040684,0.035360919179380446,-0.32604287380403874,0.38562232432514776
138,88.06462900000001,0.00973272141148998,70.44165153070718,0.08422503533256265,-0.19164518379390955,0.4636085343174148
139,88.055038,-0.00010891458260021205,71.1970658410036,0.08367558320925639,-0.3488625030043339,0.4825252402911768
140,87.863373,-0.0021790223632437724,66.1218141464474,0.07269542043026966,-0.3819318825205907,0.3554333349087069
141,87.719612,-0.0016375280568851425,58.67190826543113,0.06445959656430578,-0.37328166590370576,0.16887653136061775
142,87.85379,0.001528455046077574,57.48232946044374,0.0721464266133971,-0.3227059916548114,0.1390876960422407
143,88.294632,0.0050053575886101435,55.75110123168455,0.09740151710886558,-0.2671634683160977,0.09573514773790226
144,88.630066,0.0037918324088992766,53.27848227866995,0.1166179620602481,-0.28654918585971106,0.03381706506221871
145,88.265884,-0.004117477132932989,54.69573660688534,0.09575459294654998,-0.4128981428541576,0.06930723655019588
146,88.23712900000001,-0.0003258301347454725,57.318724700867676,0.09410726776610634,-0.3523276668880424,0.1349907877753136
147,88.055038,-0.0020657873557794657,58.273413990402545,0.08367558320925639,-0.3801229856740704,0.15889763775191046
148,86.876251,-0.01347734701414222,56.45838611784036,0.016144875246125068,-0.5624193862496408,0.11344662083118395
149,86.77082800000001,-0.0012142215528126242,56.87367960437972,0.010105370377479161,-0.36651946561357296,0.12384619186208079
150,87.38419300000001,0.0070439259526530055,56.48411895286393,0.04524401093748409,-0.23459792195627957,0.11409100956909546
151,87.441689,0.0006577516030824456,49.69693789908093,0.04853785926211529,-0.33661523003928134,-0.055870171514064815
152,87.90171099999999,0.005247110018963806,42.28087000353243,0.07489173942758676,-0.2633015424091011,-0.2415796212152468
153,87.25960500000001,-0.0073316288197562175,32.7605335388822,0.038106575723394265,-0.4642432964486871,-0.47998310817381984
154,86.703743,-0.006390586271810919,32.40132545786203,0.00626218450614946,-0.449210410987393,-0.48897821663210617
155,86.397064,-0.0035433609604516958,33.08323691450583,-0.011306935264788542,-0.40372680125942073,-0.471902132224321
156,85.87953900000001,-0.0060080887102583955,25.4281545501168,-0.04095506477302013,-0.4431001218781512,-0.6635968622794812
157,86.464157,0.0067843530798027555,29.44228020468846,-0.007463291087027812,-0.2387445243335439,-0.5630771425518122
158,87.403351,0.010803664766903122,33.38801923525112,0.0463415402647982,-0.17453717009929864,-0.464269926335506
159,87.08429699999999,-0.003657042309201284,32.15911160596508,0.02806347773232254,-0.40554282828027055,-0.49504361433063393
160,87.943733,0.00982063167063915,39.77703454754422,0.0772991085367023,-0.19024084255604773,-0.304279411889087
161,88.735588,0.008963814187622937,46.738580720202044,0.12266313847098775,-0.20392825670277318,-0.12995186702266626
162,85.993088,-0.031394105506178334,42.17656462370487,-0.03445003514637435,-0.8486344769876034,-0.24419158418018605
163,85.278481,-0.00834477258527037,39.060123699682414,-0.07538865817615736,-0.48042797823172995,-0.322231933483602
164,85.307457,0.0003397231989741871,41.322153641137334,-0.07372867228053792,-0.34169564280365244,-0.265587315128996
165,84.718399,-0.006929067974441838,39.68409607309456,-0.10747480603612392,-0.4578125021216653,-0.30660673051523846
166,83.878265,-0.00996628206086113,34.267845955334664,-0.15560465799741774,-0.5063311281734432,-0.4422377472453999
167,83.965164,0.0010354770309718706,33.62417543242647,-0.15062636167137455,-0.33058117439995005,-0.45835622138584087
168,83.376114,-0.007040133073980787,32.51874413862538,-0.18437203712052863,-0.45958673530991145,-0.4860378769674316
169,82.90293100000001,-0.005691448099198268,31.913472261222665,-0.2114798886544511,-0.4380418787106618,-0.5011947915015516
170,81.357857,-0.018813005697940872,31.069237152059856,-0.29999455761112337,-0.6476550071354744,-0.5223357033364002
171,78.27735899999999,-0.03859900757406429,23.832843588447943,-0.47647106339122747,-0.9637307261241158,-0.7035458386058198
172,79.552048,0.016153095172322607,17.454967356338628,-0.4034462925014761,-0.08908154990080613,-0.8632574137976037
173,79.030586,-0.006576557171860134,23.47180683692973,-0.43331996606240786,-0.45218124290745637,-0.7125867397128061
174,77.466202,-0.019993204082298623,17.57305409179908,-0.5229408721685971,-0.666508338658467,-0.8603003450425384
175,77.176498,-0.0037467573821451045,11.994328142116615,-0.5395375229797708,-0.40697600090212577,-1.0
176,78.538101,0.01748888946445662,18.196353347479032,-0.46153359643941716,-0.06774261826870703,-0.844691997950549
177,78.702263,0.002088039679738919,23.91566396981098,-0.45212903388431247,-0.3137667872350977,-0.701471892187907
178,77.91040799999999,-0.010112358634116988,17.57586738883961,-0.4974930638185979,-0.5086646596371674,-0.8602298958702005
179,79.581024,0.02121612132989785,22.923565241563196,-0.4017863066058567,-0.008201155618369427,-0.7263155305508634
180,79.764496,0.002302820701568038,29.139101765686448,-0.391275506901235,-0.3103357218624781,-0.5706691848390899
181,78.547752,-0.015371747594314108,29.681280591527397,-0.46098070701787375,-0.5926818935100335,-0.5570922148322492
182,77.485512,-0.01361576862991638,30.29092990800268,-0.5218346350190792,-0.5646306319577585,-0.5418256826661555
183,78.064911,0.007449695969259807,36.05426728643917,-0.4886418489914677,-0.22811586203603884,-0.3975030809766341
184,78.267715,0.002594520657066273,42.826516499737316,-0.47702355179464195,-0.30567589853180716,-0.22791581554777007
185,78.827797,0.007130494893621819,50.902221831439334,-0.4449374039346745,-0.23321500789258376,-0.02568805627934423
186,77.775215,-0.013442881303621578,54.71355810692212,-0.5052380414962094,-0.5618688063850744,0.06975351360850968
187,75.824554,-0.025400635572027163,45.301714900436686,-0.616988101792149,-0.7528905095840788,-0.16593313963793355
188,75.99838299999999,0.0022898921519025,45.736863127190865,-0.6070297332026398,-0.3105422517443916,-0.1550363761687814
189,76.77091999999999,0.010113858871661083,55.133328260008405,-0.5627723987243041,-0.18555662191509664,0.08026518707598518
190,77.533798,0.009888021903875346,54.26185887284003,-0.5190684119739419,-0.18916430286115127,0.058442288121727914
191,77.273064,-0.003368510196177907,47.735889638219085,-0.5340054206193203,-0.40093361032678254,-0.1049777577027935
192,76.442596,-0.010805354251336477,47.90370315676348,-0.5815815238345126,-0.5197350663489424,-0.10077545580639313
193,77.224785,0.010180374656034946,47.46085880347265,-0.5367712426463296,-0.18449405129058696,-0.11186494181315965
194,77.533798,0.003993489791479496,46.3005805227661,-0.5190684119739419,-0.28332776686928196,-0.14092004811006742
195,77.118561,-0.005369953623894478,46.31249469739705,-0.5428566354464497,-0.4329060964506214,-0.14062169932934965
196,76.98336,-0.001754696292070999,46.18748658396588,-0.550602071430494,-0.3751533949377402,-0.143752089757331
197,76.288078,-0.00907262016018609,39.07448512199418,-0.590433597986201,-0.4920551349961919,-0.3218723019548716
198,75.969406,-0.00418596783489161,32.22737374295859,-0.6086897763865622,-0.41399226222203916,-0.4933342281606259
199,76.259117,0.003806268944355661,36.0566103853962,-0.5920927245572614,-0.28631856633623937,-0.3974444062686846
200,75.959763,-0.003933209677019804,36.26036007012055,-0.6092422075016737,-0.40995452296679413,-0.39234220893717675
201,75.621765,-0.00445962729948114,38.589359907503635,-0.6286055396644166,-0.418363893872017,-0.33402056406467306
202,74.395363,-0.016350523948616625,39.73367281895956,-0.698864030220725,-0.6083175657318469,-0.3053652545306279
203,73.78699499999999,-0.00821111806217972,32.266578862528505,-0.7337164011258297,-0.4782928854653161,-0.4923524732355977
204,73.304153,-0.006565231706499287,25.28543571381961,-0.7613776003877266,-0.45200032183865113,-0.6671707557394715
205,73.78699499999999,0.006565231706499341,33.8733809198376,-0.7337164011258297,-0.24224492557914534,-0.45211574266025967
206,75.119621,0.017899293060615072,41.42230820845947,-0.6573725177693994,-0.0611865382408443,-0.26307929472729263
207,76.13356800000001,0.013407481794364939,43.38511784591373,-0.5992852138314575,-0.13294193806492727,-0.2139276010300697
208,76.558472,0.005565517322085181,44.29463146564892,-0.5749431843245452,-0.25821507684140244,-0.19115201750040223
209,74.743011,-0.023999079171018952,42.939514307741554,-0.6789478659247443,-0.7305010470779427,-0.22508618115964585
210,75.76661700000001,0.013602077097040295,50.12851339071475,-0.6203072142588288,-0.12983333378044326,-0.045062874684441256
211,76.336365,0.00749164358583374,56.03299830290362,-0.5876673176527598,-0.2274457608629228,0.10279427269546781
212,76.09494000000001,-0.003167659056291327,60.856123524387556,-0.6014981464369242,-0.3977250708327098,0.22357255349563654
213,75.73764,-0.004706508439129355,52.49964604021558,-0.621967257442753,-0.4223077494426167,0.014313838920300803
214,75.47692099999999,-0.0034483353537775566,52.2848174802456,-0.6369034067635715,-0.402208794380623,0.008934209955998806
215,75.67971,0.0026831654069195735,57.637599951781226,-0.6252859688913048,-0.30425982401509233,0.14297590174737262
216,75.583138,-0.0012768768325851967,58.68651716907699,-0.6308184149815785,-0.36752036578160785,0.169242360192692
217,75.119621,-0.006151426353441652,59.53912083296233,-0.6573725177693994,-0.44538989971760223,0.1905928331742568
218,75.67971,0.00742830318602673,66.5105001740343,-0.6252859688913048,-0.22845760562748782,0.36516661530828753
219,75.91147600000001,0.0030577791057664486,64.75497481652664,-0.612008487835114,-0.29827547735691745,0.3212056305019171
220,75.73764,-0.0022926091589085544,58.08419119550065,-0.621967257442753,-0.3837463990829633,0.1541592155034781
221,75.515541,-0.00293678662703126,49.78425586348521,-0.6346909324645367,-0.394036949830301,-0.05368359887922147
222,73.04705,-0.03323472205004663,39.001847458232746,-0.7761065952014166,-0.8780377996562225,-0.3236912578698805
223,71.926254,-0.015462409968598377,38.55683552021801,-0.8403150971294542,-0.5941301989997696,-0.33483502344527116
224,71.146561,-0.010899355250428662,28.754295770613552,-0.8849823867109459,-0.5212367054147693,-0.5803053034120601
225,70.659256,-0.006872876282794583,20.458242917378158,-0.9128992636734283,-0.4569148559246321,-0.788050894709983
226,70.46434,-0.002762346332828996,13.873494689887735,-0.9240656707285977,-0.3912503160396156,-0.9529428545694789
227,70.902901,0.006204583237695938,21.185893512699792,-0.8989412548544671,-0.24800618168297436,-0.7698294337504588
228,70.96138,0.0008244359031055145,21.40718900076716,-0.8955910921270398,-0.33395249603653737,-0.7642878632188548
229,70.50331899999999,-0.006475998664049415,15.845913972884361,-0.9218326299284412,-0.4505748495160227,-0.9035505209522027
230,70.132965,-0.005266846443759202,15.809789616719925,-0.9430495824541962,-0.43125898874800483,-0.9044551289464382
231,69.138863,-0.014275950816670515,15.63246056518507,-0.9999999999999996,-0.5751768535061157,-0.9088957140436078
232,69.54819499999999,0.005902976016715041,16.999465596702137,-0.9765500639623914,-0.2528242707451584,-0.8746638602206183
233,70.591034,0.014883173786676765,17.84535963676366,-0.9168075863463638,-0.10936818069868531,-0.8534814062709142
234,70.152466,-0.006232180093574559,22.040264806614815,-0.9419324032386216,-0.44667991761173437,-0.748434696664963
235,69.62616700000001,-0.007530499845853467,22.031229579190168,-0.9720831803258205,-0.4674202041915066,-0.7486609522948452
236,70.532555,0.012933916955697806,28.52469078581889,-0.9201577490737911,-0.14050700087077295,-0.5860549561897078
237,71.29274699999999,0.010720220857207113,35.24553399884806,-0.8766076387078741,-0.1758701626825156,-0.41775497401603356
238,71.507172,0.0030031552210780807,42.4462392159832,-0.8643235941306981,-0.2991480782863485,-0.23743852840510882
239,71.419449,-0.0012275251510383348,45.02759729230865,-0.8693490960192074,-0.3667319867889299,-0.1727974551857212
240,71.097824,-0.004513495651888959,45.95346504573034,-0.8877744467811697,-0.41922442538943194,-0.14961233964933007
241,71.663101,0.007919253174573008,44.72769720443092,-0.8553906861821181,-0.22061482002639632,-0.18030740264973244
242,72.082184,0.005830927774658282,51.354585137452496,-0.8313821318925703,-0.25397522079825824,-0.014360201436599551
243,71.585136,-0.006919457858255377,53.94408592188029,-0.8598571688005601,-0.45765898326514154,0.05048477739180646
244,72.179642,0.008270584729839058,60.28407864903874,-0.8257989283649856,-0.21500239895065995,0.20924769286846012
245,72.150414,-0.0004050161305215872,68.72245439666361,-0.8274733509132037,-0.35359264051462286,0.4205572626478655
246,72.2966,0.0020240785304020837,62.092221854845825,-0.819098602910131,-0.3147885482957987,0.2545263074201045
247,71.89701099999999,-0.005542409543940666,55.51777461772171,-0.8419903790022323,-0.43566103043191373,0.08989229979071878
248,72.423302,0.007293406201915839,55.96340647109755,-0.8118400602214644,-0.23061254635321887,0.10105158897541178
249,72.169907,-0.0035049399782631748,55.39464258364155,-0.8263566300040619,-0.4031130370616047,0.08680888920013596
250,72.988579,0.0112798183944278,55.74051502394993,-0.7794562996224119,-0.1669307521321333,0.09547005323762137
251,71.312241,-0.023234981139838712,45.62169227642144,-0.8754908605104266,-0.7182947996462905,-0.15792042680305962
252,71.585136,0.003819458935979539,39.36092082282036,-0.8598571688005601,-0.2861078599938427,-0.3146995229128765
253,72.2966,0.009889647129719325,46.73822098102217,-0.819098602910131,-0.18913834034328783,-0.1299608754306354
254,72.091927,-0.002835033244528819,48.56902715105105,-0.8308239719470629,-0.3924114686575333,-0.08411474630475779
255,72.46228,0.005124082073083082,47.9962655789657,-0.8096070767096109,-0.26526687864496135,-0.09845755409186041
256,73.836487,0.018786862615065635,50.5157294865484,-0.7308810883861128,-0.04700786855144495,-0.03536640357798437
257,75.220428,0.018569829778895427,58.945894533936055,-0.651597455711844,-0.050474906013895815,0.17573755796749024
258,75.561554,0.004524765857018319,59.92194832440243,-0.6320549257343062,-0.27484078372594767,0.2001794070523759
259,75.278915,-0.0037475265444939687,60.36180413672753,-0.6482468346779848,-0.40698828805058346,0.21119405551639447
260,74.528465,-0.010018949366351265,59.4539353362389,-0.6912388423866993,-0.5071724733099802,0.18845966072467246
261,74.06064599999999,-0.006296834843516357,58.27962689620567,-0.7180393994581671,-0.44771275874365324,0.1590532182204274
262,75.41534399999999,0.01812645753185493,60.62194223611196,-0.6404310486566756,-0.05755765080692277,0.21770830322332202
263,73.914452,-0.020102385232410383,61.19593811055811,-0.7264146057676717,-0.6682524762936315,0.2320820197905782
264,74.392014,0.006440226963983444,61.35158557798825,-0.6990558887506957,-0.24424184057567033,0.23597966554179695
265,73.92420200000001,-0.006308326412262507,65.36180392112648,-0.7258560448040354,-0.4478963332665148,0.3364015403378482
266,74.499222,0.0077484114220710215,71.1525979645293,-0.6929141242594765,-0.22334396814300028,0.4814116980494212
267,75.464088,0.01286820508785063,71.82391087887375,-0.6376385875683228,-0.14155672915877773,0.4982223790809466
268,75.814949,0.004638602096759019,77.65288466859998,-0.6175383559517105,-0.2730222823658308,0.644188614835401
269,76.019615,0.0026959095289809543,78.12027328099141,-0.6058133879329057,-0.3040562403113886,0.6558927258584288
270,75.71749100000001,-0.003982208534494732,77.2709918460171,-0.6231215594792943,-0.41073726569586966,0.6346254464656413
271,76.068344,0.004623008792290959,75.87572374593128,-0.6030217861691138,-0.2732713809433003,0.5996858430663679
272,76.078094,0.00012816599772576539,69.42594117692165,-0.6024632252054785,-0.3450752085648643,0.4381736254797375
273,76.146309,0.0008962426946243627,63.7403690532171,-0.598555303550671,-0.33280540308669915,0.29579838226448363
274,75.922157,-0.0029480426578542733,69.75228709510702,-0.6113965914604904,-0.3942167617022303,0.44634581615167157
275,77.198898,0.01667661693359991,76.90480776267782,-0.5382542649710089,-0.0807184395494619,0.6254556484589258
276,77.296356,0.0012616311557001084,75.37353992179101,-0.5326710614434242,-0.3269684269624809,0.5871104078163878
277,75.883163,-0.01845198503682781,74.10251175371043,-0.6136304915852069,-0.6418878053659867,0.5552819584314206
278,77.79340400000001,0.024861817662869178,75.12692791026457,-0.5041960245354336,0.050037800228931506,0.5809348736121005
279,77.15016899999999,-0.008302876754506012,80.83530687325337,-0.5410458667348017,-0.47975870432210543,0.7238812342486824
280,76.887016,-0.0034167497414065756,73.61183632844723,-0.5561214557874639,-0.40170422325997124,0.5429947107294113
281,77.296356,0.005309793869871308,72.40597053614079,-0.5326710614434242,-0.2623001858253602,0.5127980248499402
282,77.510765,0.002770016465799625,71.35393778129264,-0.5203879334791122,-0.30287240319848135,0.48645354867709667
283,77.998077,0.006267342600578672,71.26833567690078,-0.49247065549850255,-0.24700361881703392,0.4843099437473981
284,77.695938,-0.0038811945247448454,63.26990941659292,-0.509779686369451,-0.40912359579128166,0.28401736819413803
285,77.427658,-0.0034589227480052356,56.9133934514583,-0.5251489925565309,-0.4023779249742458,0.12484068608602206
286,77.378479,-0.0006353624295191657,63.87833089583992,-0.5279663740571054,-0.3572723567366197,0.29925315347668136
287,77.21129599999999,-0.002162925266912833,63.96078953743519,-0.5375440045784812,-0.3816747360122519,0.30131804138890717
288,77.68335,0.0060951811265074545,57.53918418126569,-0.5105008315397308,-0.2497538491081202,0.14051142342250067
289,78.15541800000001,0.0060584339825153835,56.90493628766768,-0.48345685646472614,-0.2503408742196507,0.12462890603550081
290,78.765152,0.007771282867853901,57.89557289392055,-0.44852622973641054,-0.22297860334037906,0.14943593067338146
291,79.247055,0.006099585636405436,65.23993623097684,-0.4209188241919337,-0.24968348832267637,0.3333497908133287
292,78.873337,-0.0047270145381806,56.843720664173205,-0.44232849457221857,-0.42263532850795055,0.12309597511949644
293,79.542091,0.008443091448351755,57.69680439074258,-0.40401671214403123,-0.2122466534783991,0.14445846958982433
294,79.315895,-0.002847778176764398,65.12188820448111,-0.41697509734714977,-0.39261506530353807,0.33039369138872776
295,80.64357,0.01660052425943418,66.20946736600197,-0.3409148483836386,-0.08193399824834813,0.35762830283474045
296,80.968109,0.0040162869200752495,66.34963321569984,-0.3223225595039283,-0.2829635892624621,0.3611382656857971
297,81.154953,0.0023049661216382722,65.39493968697484,-0.31161858363834494,-0.31030144939068327,0.3372313095535291
298,81.27298,0.0014532847718144695,66.88553451749635,-0.30485701698655454,-0.3239068152791615,0.3745580370865573
299,80.987778,-0.0035153575913192993,73.52765724644773,-0.32119575585328874,-0.403279455449588,0.540886740412168
300,80.05349,-0.011603218154901599,67.59503822580615,-0.3747195307858746,-0.5324807139311734,0.39232507281046836
301,80.082993,0.0003684731896329829,67.67022431347583,-0.3730293539540668,-0.3412363699285517,0.39420784507779105
302,80.171501,0.0011045931604171553,74.96280740798562,-0.36795888074694716,-0.3294770640069104,0.5768250503752881
303,79.964973,-0.0025794012987685622,68.58637354502594,-0.37979051958773,-0.3883278214629911,0.41714959426774345
304,80.93860600000001,0.012102215370302262,68.31937584716096,-0.32401273633573613,-0.1537931957389296,0.4104635719388823
305,82.305611,0.016748366093449478,69.96593532732739,-0.2456993383773769,-0.07957226724905136,0.45169588794094007
306,82.305611,0.0,77.22926635421274,-0.2456993383773769,-0.3471226237088987,0.633580577644234
307,82.25643199999999,-0.0005976955629321169,69.63817115982786,-0.2485167198779532,-0.35667063931977677,0.4434881821815795
308,82.51213800000001,0.0031038225953312045,70.02546248174124,-0.2338677568248979,-0.29753994578464527,0.4531865370617647
309,82.01056700000001,-0.006097304975786066,63.39847179265322,-0.2626019087317104,-0.44452532619424745,0.28723676268279497
310,81.863052,-0.0018003512797823947,57.66530933690828,-0.27105279289075046,-0.37588272030405945,0.1436697862608345
311,81.981071,0.0014406256172081991,57.54608439066913,-0.2642916845453911,-0.3241090416520799,0.14068421500278072
312,82.05974599999999,0.0009592125602778201,63.46557570045038,-0.2597845272311359,-0.33179947749922345,0.2889171450586481
313,82.099083,0.0004792553771559357,63.70042306383148,-0.25753097721815976,-0.33946665617881705,0.29479807484941456
314,82.10891,0.00011968966713728544,64.08042081703528,-0.2569680050551195,-0.34521061552084825,0.3043137878430242
315,82.030243,-0.0009585404162925266,64.71370845586715,-0.2614747040629437,-0.3624350326107163,0.32017225901217605
316,81.57785,-0.005530217297650501,58.04991726966493,-0.28739153175748466,-0.43546626278575773,0.1533009450567
317,81.331985,-0.0030184204246495173,58.26551690072417,-0.30147672061124275,-0.3953410263909679,0.15869988279617542
318,81.912224,0.007108876292005831,57.809493037020296,-0.2682358124083031,-0.23356035886809073,0.14728036210517859
319,81.282814,-0.007713630616962565,46.52247568076872,-0.30429364380538626,-0.47034566586434223,-0.13536346094495277
320,80.555054,-0.008993753001692842,35.499014793631375,-0.34598577989719015,-0.49079525470398255,-0.41140743518925404
321,81.017273,0.005721527559951929,43.27024555587802,-0.31950603732791283,-0.25572285792764465,-0.2168041752563188
322,80.653397,-0.004501454895160162,34.793988931065,-0.34035187622059837,-0.4190320777456761,-0.4290623389477395
323,81.73520699999999,0.01332391531778086,41.46410912720733,-0.2783768161108462,-0.13427688861911347,-0.2620325371022272
324,82.069572,0.004082487292958728,47.21580975775169,-0.2592216123563995,-0.2819060572462688,-0.11800133701228588
325,82.226936,0.0019156103807322616,47.00095325380461,-0.250206495691633,-0.31652129595290013,-0.12338166573563591
326,82.856346,0.007625400249086995,48.928824378798396,-0.21414866429454804,-0.22530903643663475,-0.07510488472985521
327,82.61048100000001,-0.0029717761004192157,49.30181577375446,-0.22823385314830613,-0.3945958966568187,-0.0657646214426022
328,82.61048100000001,0.0,55.250894495895444,-0.22823385314830613,-0.3471226237088987,0.08320922174200085
329,83.947983,0.016060795931733547,62.64481317786504,-0.15161063202175562,-0.09055600386143658,0.2683640219546688
330,84.400375,0.005374487691162018,72.75359068887047,-0.12569386161551854,-0.26126672053982114,0.5215029542246052
331,82.876015,-0.018226148928491955,72.24979779784918,-0.2130218606439085,-0.6382801381493981,0.5088872255294716
332,81.74503299999999,-0.013740646269801104,66.40394662889557,-0.27781390123610983,-0.5666255165261159,0.3624983549161056
333,81.882729,0.001683039978306474,66.97504111446537,-0.269925530933679,-0.3202365415908234,0.37679941635948966
334,81.48934200000001,-0.00481585081086937,70.0640880500337,-0.2924620049646034,-0.4240544625471653,0.45415377915461197
335,81.853218,0.004455380176775146,69.57696806649255,-0.27161616607191785,-0.2759492001158623,0.44195556503953126
336,82.285934,0.0052725629099797605,74.69692949579975,-0.24682660033444837,-0.26289493975746,0.57016706915732
337,82.964523,0.00821290090991829,75.09431526165352,-0.20795138743678887,-0.215923881469949,0.5801182040356945
338,81.656525,-0.0158913521941032,68.0029158232112,-0.28288437444322856,-0.6009824283273445,0.4025389388681131
339,80.56488,-0.013458907947837719,62.00484348481298,-0.3454228650224538,-0.5621248274410364,0.25233822213783164
340,80.791084,0.0028037903598900904,61.352777868367816,-0.33246402151290333,-0.3023328749034511,0.23600952227900485
341,81.03694899999999,0.003038598252927259,61.73642341661472,-0.31837883265914524,-0.2985818859931806,0.24561658152505172
342,80.84025600000001,-0.0024301518771562454,61.73058240357909,-0.32964704103045506,-0.3859436046545575,0.24547031380854456
343,80.092834,-0.009288672378331286,52.45473400418616,-0.37246557975477135,-0.49550650736625823,0.013189174257913994
344,77.56534599999999,-0.03206563162002998,37.1901302026478,-0.517261080560532,-0.8593619145257269,-0.3690593719820465
345,77.752197,0.002406052613662792,36.125435569731934,-0.5065567036768206,-0.308686621602496,-0.3957209205497574
346,78.804497,0.013443255868563637,43.822540504011556,-0.4462722214170025,-0.13237045746494047,-0.20297388239287462
347,79.669937,0.010922248866663455,51.381952299607434,-0.3966926316356316,-0.17264282303378062,-0.013674886699024613
348,80.505875,0.01043785049789776,58.77950956835023,-0.34880316139776557,-0.18038094838336438,0.17157102917720746
349,79.610161,-0.011188427670524994,52.03491317887353,-0.4001170972932986,-0.5258545546191603,0.0026762318819817388
350,86.614754,0.08432843511472142,61.086851688201676,0.0011641556248243035,1.0,0.22935033235850333
351,85.920242,-0.008050723242018599,53.094005306379955,-0.038623258936831384,-0.4757306241038807,0.029197485321440064
352,86.475853,0.006445771567016248,60.84368874030903,-0.006793247083881404,-0.2441532671285903,0.22326116787445538
353,88.75779,0.02604598025428251,69.44404902917293,0.12393505339556388,0.06895445882543594,0.4386270732264703
354,88.301407,-0.005155157353643221,62.85590603300084,0.09778964536821189,-0.42947478748882084,0.27365010327367223
355,87.170349,-0.012891803111342455,56.682857746948784,0.03299325086491045,-0.5530654899326598,0.11906772669245513
356,87.547371,0.004315791039425742,58.26785204166431,0.05459220180148883,-0.2781790966471044,0.15875835822346063
357,88.489914,0.010708549691675827,63.726148714823964,0.10858889168328556,-0.17605660621263514,0.2954422836884256
358,87.983917,-0.005734543005882234,63.072099107542726,0.07960118174313457,-0.4387303075150339,0.2790639017269576
359,88.886772,0.010209298636449208,67.63331977523038,0.13132421341726452,-0.18403199897892294,0.3932837001554996
360,89.105042,0.002452585930845839,68.07089375265149,0.14382853152317576,-0.30794326517416637,0.4042412080552331
361,90.484131,0.015358566285340533,68.6845180362491,0.22283420134662002,-0.10177392154730608,0.4196072793527461
362,90.791702,0.0033934065016296457,68.62410731381792,0.24045442228469227,-0.29291392573451713,0.4180945043651436
363,90.573433,-0.00240695771408834,72.99664467028144,0.2279501614670849,-0.38557308453564076,0.5275893900247153
364,90.642883,0.0007664873112217109,69.66146394458268,0.23192883417728627,-0.3348782082121819,0.4440714684054585
365,91.684639,0.0114274282359613,76.78837763425986,0.2916092685601219,-0.16457272714635776,0.6225400636258747
366,91.972359,0.003133234654992076,76.41890022062798,0.30809225937623363,-0.2970700965466612,0.6132877956950782
367,92.73631999999999,0.008272111093858866,74.60779043954832,0.3518582893597859,-0.21497801572215228,0.5679348936545483
368,92.756157,0.00021388468574525823,83.16769270164824,0.35299471744549216,-0.3437058770487676,0.782287669408485
369,93.093491,0.0036301857343939018,91.81297060230506,0.37232001017440286,-0.2891314452361273,0.9987783790483571
370,93.083572,-0.00010655447937084372,91.86175446297874,0.3717517674873987,-0.348824801030495,1.0000000000000002
371,92.557732,-0.005665133728504148,85.42415981162898,0.3416272857317182,-0.4376215141676404,0.8387929861296108
372,91.37706800000001,-0.012838029735365799,85.80971502279692,0.2739890476220497,-0.552206475636559,0.8484478661959598
373,90.69249,-0.007519996572855575,79.94585395622198,0.23477073507195811,-0.46725241741046175,0.7016080007665348
374,90.821465,0.0014211030959661263,76.03984948883624,0.24215949407553072,-0.32442090834332415,0.6037957975363064
375,91.21833000000001,0.004360207379344696,75.37304404262116,0.2648952168276386,-0.2774695583248793,0.587097990259126
376,91.992203,0.00844795973031451,75.42379594679782,0.3092290884800679,-0.21216888406691056,0.5883688939682996
377,92.27993000000001,0.0031228512868075767,75.28956394968779,0.32571248031430766,-0.2972359678826182,0.5850075236752148
378,92.091415,-0.0020449497257249757,75.22534394210327,0.31491277569280207,-0.3797901104958142,0.5833993584808959
379,93.768158,0.01804360641063215,76.2210521566789,0.4109705383439213,-0.05888117376388291,0.6083333837886713
380,92.58749399999999,-0.012671252893429744,66.95662946980747,0.3433323002342519,-0.5495422633032322,0.37633836119580044
381,92.577568,-0.00010721245036502402,66.45435054354876,0.34276365652911966,-0.3488353119288746,0.3637605444463077
382,92.815689,0.00256882191722481,57.414616875728164,0.35640520475699233,-0.3060864285480958,0.1373920714845256
383,91.724319,-0.01182814215522838,56.045738882924425,0.2938824684613568,-0.5360738104832807,0.10311331590513939
384,92.299767,0.00625407128111621,48.14280880885865,0.326848908400013,-0.24721562434838323,-0.0947878920871219
385,93.17286700000001,0.00941493556793671,54.764298499586246,0.3768673265897373,-0.19672172172281382,0.07102412905216449
386,93.291924,0.0012769919247533892,55.68379657713231,0.38368790019460874,-0.3267230430717317,0.09404973836257446
387,95.732613,0.025825479483113024,64.82271617641825,0.5235108335047212,0.06543202209358412,0.3229019756331466
388,95.88143199999999,0.0015533206860968635,69.60668141269099,0.5320364216121272,-0.32230877016982334,0.44269963174024274
389,92.041809,-0.04086942531842657,62.60031820649377,0.312070932086435,-1.0,0.2672498012161033
390,91.76400799999999,-0.0030227684418200995,55.85400688284094,0.29615618395732657,-0.39541048472125473,0.09831205940006016
391,91.039742,-0.00792401457539336,50.08058115884733,0.25466421319957,-0.4737064894072195,-0.046263169574997764
392,90.265869,-0.008536720903794572,44.23725867221705,0.2103303415471398,-0.48349429770172914,-0.19258871819490997
393,90.255943,-0.00010997009059489197,46.45305992874341,0.2097616978420076,-0.348879364442557,-0.13710173536352332
394,86.674278,-0.04049228389233882,48.31772529438162,0.004574184629892564,-0.9939752736223614,-0.09040772125702046
395,89.38284300000001,0.030771589442061743,47.4219730674375,0.1597432796522842,0.14444471355391142,-0.1128386988960266
396,91.297699,0.021196833644452368,54.90145926376232,0.26944213222484326,-0.008509270874952124,0.0744588400600048
397,90.464294,-0.00917035323716868,55.30273370743788,0.22169777326091378,-0.4936163929385315,0.08450735325644776
398,91.198479,0.008082987892167647,56.006135547605375,0.2637579867056772,-0.21799920475904008,0.10212158906120816
399,90.563507,-0.006986879897867817,50.48289574202607,0.2273815177619527,-0.45873603105779837,-0.03618860972722038
400,89.928528,-0.007036117905748514,56.254195686806774,0.19100464780010107,-0.4595225941461826,0.10833338655183544
401,91.76400799999999,0.020204929524225073,53.856629236605144,0.29615618395732657,-0.024354655401422454,0.04829473097854664
402,91.396919,-0.004008382109851768,52.59895211740116,0.2751262777440102,-0.4111553810736641,0.016800611857909376
403,91.734245,0.0036839866480486362,59.9124076720043,0.2944511121664899,-0.288271991033498,0.19994049482400889
404,90.236092,-0.016466275494043024,58.905794167273264,0.20862446772004617,-0.6101666635523038,0.1747333847141368
405,90.454369,0.002416033530154434,58.84807112816728,0.22112918684408545,-0.3085271793171868,0.17328791334326565
406,91.04966,0.00655955835012268,66.46484749884945,0.2552323985982703,-0.2423355558240558,0.36402340393193877
407,90.43453199999999,-0.006778886346145277,56.49752555136203,0.2199927587583792,-0.455413393578165,0.11442673087916355
408,91.28778100000001,0.009390759520008968,62.04160720871449,0.26887394682614296,-0.1971079271714389,0.25325884085800454
409,90.65280200000001,-0.006980098311616774,55.97969392571083,0.23249707686429133,-0.4586276971577208,0.10145945123825362
410,90.639999,-0.0001412411298261522,48.76078560452845,0.23176361470865814,-0.34937891034730445,-0.07931282736706669
411,91.41999799999999,0.008568645339452813,48.55531611005999,0.2764484345111615,-0.21024096599034334,-0.08445809131091786
412,90.440002,-0.010777581502669277,46.37165845540485,0.22030612578105568,-0.5192914046350583,-0.13914015019891646
413,94.839996,0.04750454949702909,57.8674826497081,0.4723743194865593,0.4117489629568357,0.14873250887787748
414,94.300003,-0.005709997568133941,50.44835319882398,0.4414390363648977,-0.4383382011697118,-0.03705360675525338
415,93.599998,-0.0074508593367481404,43.43805489874093,0.4013369371495754,-0.46614796984453305,-0.21260197792523794
416,93.519997,-0.0008550770309120099,37.30507152942678,0.39675381554426536,-0.36078223463122105,-0.36618106897232616
417,93.540001,0.00021387790324111077,37.45397346030562,0.39789981077673264,-0.3437059853973308,-0.3624523415614632
418,94.519997,0.010422257591038334,44.65051203099704,0.45404211950684026,-0.1806300406091497,-0.18224023501930908
419,96.470001,0.02042066896898682,53.934614079802806,0.5657545413870757,-0.020908279496668902,0.050247588276949307
420,97.470001,0.010312559060306528,55.76331635020765,0.6230428453496506,-0.18238244325169137,0.0960410326045067
421,98.029999,0.005728895463990271,61.866683667117755,0.6551241809920851,-0.25560515776866666,0.24887849333324552
422,97.440002,-0.0060367195856375995,56.20872754073372,0.6213242535190782,-0.44355749192074057,0.107194796060879
423,97.91999799999999,0.004913973852140748,61.28298963767852,0.648822410267897,-0.2686232973603519,0.23426192043669847
424,97.139999,-0.00799757171600077,60.822755288168594,0.6041375904653936,-0.4748815436829543,0.22273696287362488
425,97.709999,0.005850671098706493,60.559782788925176,0.6367919237240605,-0.2536598268453599,0.21615173754817252
426,98.269997,0.00571486412431361,67.67868421824141,0.668873259366495,-0.25582930440548807,0.3944196937664317
427,99.260002,0.010023928462199565,65.22164135970272,0.7255889667309638,-0.18699323447621208,0.33289165983010083
428,99.239998,-0.00020155163796194527,73.42379950841311,0.7244429714984966,-0.35034235345930553,0.538285987068311
429,98.459999,-0.00789077449679022,74.57981771412071,0.6797581516959914,-0.4731754886618691,0.5672344147054649
430,98.480003,0.00020314816559004837,81.59420863878462,0.6809041469284596,-0.3438773898864162,0.7428852713258862
431,99.989998,0.015216648646521917,81.7120034839938,0.7674091994704275,-0.10404101522331016,0.7458350307117951
432,99.279999,-0.007126030161927969,75.67967512286249,0.7267345609453031,-0.46095891671381084,0.594776491855245
433,99.779999,0.005023621587013116,68.74914560462354,0.755378712926591,-0.2668717061671315,0.42122565047978844
434,100.25,0.00469931377583583,67.69040800198493,0.7823042730773047,-0.2720524306628262,0.39471327487411423
435,99.57,-0.0068061517866857294,60.7351868268859,0.7433482263827536,-0.45584895118987057,0.22054411742169067
436,99.83000200000001,0.0026078449823988144,67.67103334848855,0.7582432999896316,-0.3054630462468489,0.3942281045264797
437,98.910004,-0.00925837318983826,62.0740434869565,0.7055381749206706,-0.4950224864989974,0.2540710938561592
438,98.550003,-0.003646322152424221,61.088180479066274,0.6849143282058394,-0.40537157684290615,0.22938360727234008
439,98.440002,-0.0011168182003297442,55.02767420956327,0.6786125574816531,-0.3649634749257786,0.07761945137841364
440,98.870003,0.0043586404121163155,54.46258604176875,0.7032465854738632,-0.2774945901780269,0.06346879712985132
441,99.089996,0.002222601451548744,52.56197166119116,0.7158496113275019,-0.31161720142996846,0.015874565836057064
442,98.93,-0.001615958368333059,45.42256801269609,0.7066837118467069,-0.3729370963004001,-0.16290679666366792
443,98.550003,-0.003848465295002143,45.21450947001138,0.6849143282058394,-0.4086007557103175,-0.1681168942533624
444,98.410004,-0.0014215984829599663,36.72124275767417,0.6768940229393827,-0.3698322527399644,-0.38080101601825
445,99.58000200000001,0.01181889574122163,35.12171939844394,0.7439212239989876,-0.15831914575277856,-0.42085547708988247
446,100.050003,0.00470872971635874,43.18974467223502,0.7708467841497022,-0.2719020137069719,-0.21882003797661187
447,101.18,0.011231017849040669,51.837915393187224,0.8355823957624997,-0.1677103268823454,-0.002256887782971173
448,101.32,0.001382716269684225,52.19843107540626,0.8436027583172594,-0.32503412691030437,0.006770964968178861
449,102.440002,0.010993455721473507,67.07313806951319,0.9077657733319517,-0.17150531390121723,0.3792559110674505
450,101.510002,-0.00911994535611605,60.78802930225617,0.8544876506467567,-0.49281114146093863,0.22186737216531993
451,101.900002,0.0038346243569323513,65.81373687629036,0.8768300891921612,-0.28586559673310735,0.34771861855064223
452,101.720001,-0.001768009470937165,67.25198628365317,0.8665181371905932,-0.3753660691610872,0.38373453827202475
453,102.489998,0.007541262944545217,73.38150873453785,0.9106299593768643,-0.22665310580412534,0.5372269627370307
454,101.660004,-0.008131261963774313,65.83973264396361,0.8630810108177505,-0.47701720714095613,0.34836959151598634
455,101.959999,0.0029466183345486594,66.0592210719984,0.8802672155650031,-0.3000512388728604,0.35386591055731875
456,103.019997,0.010342545316732744,70.04924688906374,0.9409927031887246,-0.18190342138466467,0.4537821342512105
457,102.900002,-0.0011654527405299232,71.15227988345478,0.9341183931547352,-0.36574039779062495,0.48140373282281557
458,103.550003,0.0062969545367544824,75.29307209740696,0.971355848018713,-0.24653057660891053,0.585095372949463
459,104.050003,0.004816964858831187,75.35309381643748,1.0000000000000009,-0.2701729882731828,0.5865984067091683
460,103.639999,-0.00394823562681028,70.15262614922077,0.9765115662221291,-0.41019455821561535,0.45637090579223183
461,103.75,0.0010608130656826504,69.32442324057443,0.9828133369463163,-0.3301764384943503,0.4356314642752588
462,103.690002,-0.0005784612523579569,64.33594049993417,0.9793761532851697,-0.3563633767114923,0.310712383482562
463,103.43,-0.0025106424687373952,50.200378407893226,0.9644810796782926,-0.3872294188258648,-0.0432632669973283
