index,Adj Close,Close,Date,High,Low,Open,Volume,Adj Close_log_returns,mfi_index
0,149.14584399999998,153.179993,2017-06-01,153.330002,152.220001,153.169998,16404100,0.0,0.0
1,151.356079,155.449997,2017-06-02,155.449997,152.889999,153.580002,27770700,0.014710553834514634,0.0
2,149.876099,153.929993,2017-06-05,154.449997,153.46000700000002,154.33999599999999,25331700,-0.009826253743066475,0.0
3,150.38241599999998,154.449997,2017-06-06,155.809998,153.779999,153.899994,26624900,0.003372543688935118,0.0
4,151.278198,155.369995,2017-06-07,155.979996,154.479996,155.020004,21069600,0.005939022805275912,0.0
5,150.90820300000001,154.990005,2017-06-08,155.53999299999998,154.399994,155.25,21250800,-0.0024487877923497145,0.0
6,145.05645800000002,148.979996,2017-06-09,155.190002,146.020004,155.190002,64882700,-0.03954869264523566,0.0
7,141.59024,145.419998,2017-06-12,146.08999599999999,142.509995,145.740005,72307300,-0.024185779824330848,0.0
8,142.729416,146.58999599999999,2017-06-13,147.449997,145.149994,147.16000400000001,34165400,0.008013389661342345,0.0
9,141.337067,145.16000400000001,2017-06-14,147.5,143.83999599999999,147.5,31531200,-0.009803058324001803,0.0
10,140.48996,144.28999299999998,2017-06-15,144.479996,142.21000700000002,143.320007,32165400,-0.0060115565219973814,0.0
11,138.523209,142.270004,2017-06-16,144.5,142.199997,143.779999,50361100,-0.014098141550088147,0.0
12,142.486008,146.33999599999999,2017-06-19,146.740005,143.66000400000001,143.66000400000001,32541400,0.028205919818461267,0.0
13,141.19101,145.009995,2017-06-20,146.869995,144.940002,146.869995,24900100,-0.009130150937146588,0.0
14,142.028366,145.869995,2017-06-21,146.070007,144.610001,145.520004,21265800,0.005913143738183934,34.815982245357375
15,141.794708,145.630005,2017-06-22,146.699997,145.119995,145.770004,19106300,-0.0016465049827965447,33.42134692732388
16,142.427597,146.279999,2017-06-23,147.16000400000001,145.110001,145.130005,35439400,0.004453486126188067,40.04815940073688
17,141.979691,145.820007,2017-06-26,148.279999,145.380005,147.169998,25692400,-0.003149753112544364,39.75036256710871
18,139.944733,143.729996,2017-06-27,146.16000400000001,143.619995,145.009995,24761900,-0.014436445862346723,35.01535205093941
19,141.989441,145.830002,2017-06-28,146.110001,143.16000400000001,144.490005,22082400,0.014505115297895242,39.53396634181326
20,139.896042,143.679993,2017-06-29,145.130005,142.279999,144.71000700000002,31499400,-0.014853106047216078,42.63794085357517
21,140.227097,144.020004,2017-06-30,144.96000700000002,143.779999,144.449997,23024100,0.002363640185597219,53.38504548665227
22,139.72079499999998,143.5,2017-07-03,145.300003,143.100006,144.880005,14277800,-0.0036171199461585753,47.2927278700353
23,140.295242,144.08999599999999,2017-07-05,144.78999299999998,142.720001,143.690002,21569600,0.004102963616102031,48.57416347475734
24,138.971069,142.729996,2017-07-06,143.5,142.41000400000001,143.020004,24128800,-0.009483298713279442,49.63682855559446
25,140.382874,144.179993,2017-07-07,144.75,142.899994,142.899994,19201700,0.010107729317961209,59.73421048326173
26,141.2397,145.059998,2017-07-10,145.949997,143.369995,144.110001,21090600,0.006084942919191344,58.30726412760974
27,141.697327,145.529999,2017-07-11,145.850006,144.380005,144.729996,19781800,0.00323483570820762,57.636243562274814
28,141.90181,145.740005,2017-07-12,146.179993,144.820007,145.869995,24884500,0.001442056824282197,64.65462272130648
29,143.878342,147.770004,2017-07-13,148.490005,145.440002,145.5,25199400,0.013832755722989115,65.33217209986917
30,145.11488300000002,149.03999299999998,2017-07-14,149.330002,147.330002,147.970001,20132100,0.008557630001842438,63.68235188555546
31,145.62117,149.559998,2017-07-17,150.899994,148.570007,148.820007,23793500,0.003482798273847165,63.521765365267264
32,146.12751799999998,150.080002,2017-07-18,150.130005,148.669998,149.199997,17868800,0.0034711279209182376,64.80160682078218
33,147.04273999999998,151.020004,2017-07-19,151.419998,149.949997,150.479996,20923000,0.006243641353123705,64.76437408240596
34,146.380661,150.33999599999999,2017-07-20,151.740005,150.190002,151.5,17243700,-0.004512797011860815,67.67087249504893
35,146.312531,150.270004,2017-07-21,150.440002,148.880005,149.990005,26252600,-0.0004655386807252191,59.09100640701926
36,148.084564,152.08999599999999,2017-07-24,152.440002,149.899994,150.580002,21493200,0.012038531841647082,64.78218289638009
37,148.717453,152.740005,2017-07-25,153.83999599999999,151.800003,151.800003,18853900,0.004264728155425698,71.5760688228569
38,149.418518,153.46000700000002,2017-07-26,153.929993,153.059998,153.350006,15781000,0.004702997024064125,78.83195284794132
39,146.594864,150.559998,2017-07-27,153.990005,147.300003,153.75,32476300,-0.01907845941508053,69.09787949642065
40,145.562775,149.5,2017-07-28,150.229996,149.190002,149.889999,17213700,-0.007065317866812992,63.065218491405496
41,144.81303400000002,148.729996,2017-07-31,150.330002,148.130005,149.899994,19845900,-0.0051639471528468,56.594205064802
42,146.098297,150.050003,2017-08-01,150.220001,148.41000400000001,149.100006,35368600,0.008836172576220512,58.1369834494618
43,153.001572,157.139999,2017-08-02,159.75,156.16000400000001,159.279999,69936800,0.04616853356046569,63.7876195594653
44,151.47293100000002,155.570007,2017-08-03,157.21000700000002,155.020004,157.050003,27097300,-0.010041260131329605,56.97373968307276
45,152.27131699999998,156.389999,2017-08-04,157.399994,155.690002,156.070007,20559900,0.005256974207243499,56.70527187612426
46,154.627609,158.809998,2017-08-07,158.919998,156.669998,157.059998,21870300,0.015355793724964649,62.0965749163412
47,155.864151,160.080002,2017-08-08,161.830002,158.270004,158.600006,36205900,0.007965097286088138,63.806167950732195
48,156.818329,161.059998,2017-08-09,161.270004,159.110001,159.259995,26131500,0.006103194280950121,69.08926812064468
49,151.82338000000001,155.320007,2017-08-10,160.0,154.630005,159.899994,40804300,-0.03237012367014446,66.36684864198327
50,153.934753,157.479996,2017-08-11,158.570007,156.070007,156.600006,26257100,0.013810959269717218,66.83411917504137
51,156.251419,159.850006,2017-08-14,160.21000700000002,158.75,159.320007,22122700,0.014937539358326776,67.17266035290632
52,157.96199,161.600006,2017-08-15,162.199997,160.139999,160.66000400000001,29465500,0.010888064289927318,68.32694755513063
53,157.32664499999998,160.949997,2017-08-16,162.509995,160.149994,161.940002,27671600,-0.00403024904457638,68.76660195833159
54,154.30621299999999,157.860001,2017-08-17,160.71000700000002,157.83999599999999,160.520004,27940600,-0.019385161146014112,66.87591271977826
55,153.9543,157.5,2017-08-18,159.5,156.720001,157.860001,27428100,-0.002283219147691996,65.54549000293147
56,153.670837,157.21000700000002,2017-08-21,157.889999,155.110001,157.5,26368500,-0.0018429123379973336,58.889804923351
57,156.182968,159.779999,2017-08-22,160.0,158.020004,158.229996,21604600,0.01621529897870339,53.741552350149774
58,156.37846399999998,159.979996,2017-08-23,160.470001,158.880005,159.070007,19399100,0.001250928652598761,59.97820437759797
59,155.684448,159.270004,2017-08-24,160.740005,158.550003,160.429993,19818900,-0.004447930962112161,54.61195692239565
60,156.261154,159.860001,2017-08-25,160.559998,159.270004,159.649994,25480100,0.0036974822105693664,55.081831239171706
61,157.834915,161.470001,2017-08-28,162.0,159.929993,160.139999,25966000,0.010020973358455993,53.846592257230725
62,159.24250800000002,162.91000400000001,2017-08-29,163.119995,160.0,160.100006,29516900,0.008878602792558407,54.311765334586525
63,159.672623,163.350006,2017-08-30,163.889999,162.610001,163.800003,27269600,0.002697365028974105,63.97635926778907
64,160.307968,164.0,2017-08-31,164.520004,163.479996,163.639999,26785100,0.003971152331246844,64.14039212933568
65,160.356842,164.050003,2017-09-01,164.940002,163.630005,164.800003,16591100,0.0003048292101554802,63.62790220254435
66,158.431183,162.080002,2017-09-05,164.25,160.559998,163.75,29468500,-0.01208127201086248,55.175474036126104
67,158.26503,161.91000400000001,2017-09-06,162.990005,160.520004,162.71000700000002,21651700,-0.0010492895615690394,56.127329060954075
68,157.62965400000002,161.259995,2017-09-07,162.240005,160.360001,162.08999599999999,21928500,-0.004022713195237029,57.0530258415892
69,155.058868,158.630005,2017-09-08,161.149994,158.529999,160.860001,28611500,-0.016443481258082916,56.81293480376589
70,157.864258,161.5,2017-09-11,162.050003,159.889999,160.5,31580800,0.017930698819616904,64.96164262259973
71,157.238647,160.860001,2017-09-12,163.96000700000002,158.770004,162.610001,71714000,-0.003970841348040372,69.41344353646595
72,156.055878,159.649994,2017-09-13,159.96000700000002,157.91000400000001,159.869995,44907400,-0.007550560414216712,60.71682788358543
73,154.716736,158.279999,2017-09-14,159.399994,158.08999599999999,158.990005,23760700,-0.008618200112955918,60.17951841947277
74,156.28071599999998,159.880005,2017-09-15,160.970001,158.0,158.470001,49114600,0.010057916387999157,62.25255774995296
75,155.097946,158.669998,2017-09-18,160.5,158.0,160.110001,28269400,-0.00759702467090746,56.22467150437805
76,155.156601,158.729996,2017-09-19,159.770004,158.440002,159.509995,20810600,0.0003781088868218119,50.66928334895129
77,152.556503,156.070007,2017-09-20,158.259995,153.830002,157.899994,52951400,-0.01689989701218791,42.155179981537366
78,149.93682900000002,153.389999,2017-09-21,155.800003,152.75,155.800003,37511700,-0.017320973508548564,35.638604958525946
79,148.470596,151.889999,2017-09-22,152.270004,150.559998,151.53999299999998,46645400,-0.009827133489074456,30.34379208700544
80,147.160751,150.550003,2017-09-25,151.830002,149.16000400000001,149.990005,44387300,-0.008861398390336981,29.646499653694818
81,149.692444,153.139999,2017-09-26,153.919998,151.690002,151.779999,36660000,0.017057282357327057,35.528746441424744
82,150.757935,154.229996,2017-09-27,154.720001,153.53999299999998,153.800003,25504200,0.007092655168130631,39.98404579102704
83,149.82931499999998,153.279999,2017-09-28,154.279999,152.699997,153.889999,22005500,-0.006178724841439469,40.549060188654785
84,150.650375,154.119995,2017-09-29,154.130005,152.0,153.21000700000002,26299800,0.005465008590113566,34.92326233618586
85,150.347382,153.809998,2017-10-02,154.449997,152.720001,154.259995,18698800,-0.002013258207376792,27.301565643416666
86,151.002274,154.479996,2017-10-03,155.08999599999999,153.91000400000001,154.009995,16230300,0.004346399724934708,32.729811269258946
87,150.024796,153.479996,2017-10-04,153.860001,152.46000700000002,153.630005,20163800,-0.006494309202897658,33.052030212680876
88,151.891785,155.389999,2017-10-05,155.440002,154.050003,154.179993,21283800,0.012367739405328862,28.32463015253404
89,151.803818,155.300003,2017-10-06,155.490005,154.559998,154.970001,17407600,-0.0005793103462228269,33.45763843684237
90,152.331665,155.83999599999999,2017-10-09,156.729996,155.490005,155.809998,16262900,0.003471134145779585,37.98487281128232
91,152.390305,155.899994,2017-10-10,158.0,155.100006,156.059998,15617000,0.0003848754372642833,46.30490573086487
92,153.02569599999998,156.550003,2017-10-11,156.979996,155.75,155.970001,16905600,0.004160829259784595,54.061032430460195
93,152.488052,156.0,2017-10-12,157.369995,155.729996,156.350006,16125100,-0.0035196095660616363,59.15814917072133
94,153.45576499999999,156.990005,2017-10-13,157.279999,156.41000400000001,156.729996,16394200,0.006326104163680115,70.49339126361906
95,156.28071599999998,159.880005,2017-10-16,160.0,157.649994,157.899994,24121500,0.018241502095888772,69.26320882232672
96,156.857437,160.470001,2017-10-17,160.869995,159.229996,159.779999,18997300,0.003683496543368411,68.60470264884977
97,156.163422,159.759995,2017-10-18,160.71000700000002,159.600006,160.419998,16374200,-0.004434312393273209,69.87798120813576
98,152.468521,155.979996,2017-10-19,157.080002,155.020004,156.75,42584200,-0.02394488077895551,65.66983803494293
99,152.73242199999999,156.25,2017-10-20,157.75,155.96000700000002,156.610001,23974100,0.0017293594389080976,66.35499760040256
100,152.654221,156.169998,2017-10-23,157.690002,155.5,156.889999,21984300,-0.0005121442178416992,59.43118908387333
101,153.563309,157.100006,2017-10-24,157.419998,156.199997,156.28999299999998,17757200,0.0059375481918603696,66.04746873476205
102,152.88884,156.41000400000001,2017-10-25,157.550003,155.270004,156.91000400000001,21207100,-0.004401797091212622,58.66813019241402
103,153.866302,157.41000400000001,2017-10-26,157.830002,156.779999,157.229996,17000500,0.00637293511606406,58.64477580259885
104,159.37936399999998,163.050003,2017-10-27,163.600006,158.699997,159.28999299999998,44454200,0.0352032409929553,62.53380073622718
105,162.966751,166.720001,2017-10-30,168.070007,163.720001,163.889999,44700800,0.02225890090599927,65.96300181373743
106,165.23451200000002,169.03999299999998,2017-10-31,169.649994,166.940002,167.899994,36046800,0.013819551275163645,67.97954926282445
107,163.132919,166.889999,2017-11-01,169.940002,165.610001,169.869995,33637800,-0.01280042718723048,64.5122961797596
108,164.325455,168.110001,2017-11-02,168.5,165.279999,166.600006,41393400,0.00728362055636652,56.28253868736228
109,168.616608,172.5,2017-11-03,174.259995,171.119995,174.0,59398600,0.025778603005606235,60.18877423157251
110,170.327209,174.25,2017-11-06,174.990005,171.720001,172.369995,34319500,0.010093799844482124,61.742975012601214
111,170.874619,174.809998,2017-11-07,175.25,173.600006,173.91000400000001,24361500,0.0032087194425712813,65.99344851696264
112,172.272415,176.240005,2017-11-08,176.240005,174.330002,174.66000400000001,24409500,0.008146966710051017,73.8908970181056
113,171.920532,175.880005,2017-11-09,176.100006,173.139999,175.110001,29482600,-0.002044685259597622,67.53181209055667
114,171.35153200000002,174.669998,2017-11-10,175.380005,174.270004,175.110001,25145500,-0.003315157746841267,66.68226189622044
115,170.664841,173.970001,2017-11-13,174.5,173.399994,173.5,16982100,-0.0040155499966096735,62.89148178786026
116,168.084793,171.33999599999999,2017-11-14,173.479996,171.179993,173.03999299999998,24782500,-0.015233066735620474,62.11962651803259
117,165.867737,169.080002,2017-11-15,170.320007,168.380005,169.970001,29158100,-0.013277866602620213,56.99913491663497
118,167.84938,171.100006,2017-11-16,171.869995,170.300003,171.179993,23637500,0.011876323934702547,55.23472632251274
119,166.917419,170.149994,2017-11-17,171.389999,169.639999,171.03999299999998,21899500,-0.005567836538217099,47.84271465239273
120,166.750641,169.979996,2017-11-20,170.559998,169.559998,170.28999299999998,16262400,-0.000999664240496,41.38610204273187
121,169.850601,173.139999,2017-11-21,173.699997,170.779999,170.779999,25131300,0.01841970415027684,48.52560563582345
122,171.636032,174.96000700000002,2017-11-22,175.0,173.050003,173.360001,25588900,0.010456908685236398,57.12109281445253
123,171.645859,174.970001,2017-11-24,175.5,174.649994,175.100006,14026700,5.725323857929661e-05,51.36215924489192
124,170.782547,174.08999599999999,2017-11-27,175.080002,173.33999599999999,175.050003,20716800,-0.005042302647802479,42.826573827056656
125,169.781952,173.070007,2017-11-28,174.869995,171.860001,174.300003,26428800,-0.005876113817155098,34.98306036082258
126,166.260147,169.479996,2017-11-29,172.919998,167.16000400000001,172.630005,41666400,-0.020961266215545588,26.032357931541327
127,168.58511399999998,171.850006,2017-11-30,172.139999,168.440002,170.429993,41527200,0.013887037594961502,36.88663760962184
128,167.800308,171.050003,2017-12-01,171.669998,168.5,169.949997,39759300,-0.004666120304960979,35.49468986690289
129,166.574081,169.800003,2017-12-04,172.619995,169.630005,172.479996,32542400,-0.0073344881508825965,42.546593964638845
130,166.417099,169.639999,2017-12-05,171.520004,168.399994,169.059998,27350200,-0.0009428598777273759,42.300011220483285
131,165.79908799999998,169.009995,2017-12-06,170.199997,166.46000700000002,167.5,28560000,-0.0037205394383558466,42.377912318618215
132,166.103195,169.320007,2017-12-07,170.440002,168.91000400000001,169.029999,25673300,0.0018325097516826074,42.64665645506464
133,166.152222,169.369995,2017-12-08,171.0,168.820007,170.490005,23355200,0.00029511633428581154,48.460214854235204
134,169.389542,172.669998,2017-12-11,172.889999,168.78999299999998,169.199997,35273800,0.019296676606148942,54.84865774647972
135,168.437973,171.699997,2017-12-12,172.389999,171.46000700000002,172.149994,19409200,-0.005633475512408581,54.19166489431792
136,168.997131,172.270004,2017-12-13,173.53999299999998,172.0,172.5,23818400,0.003314169184974195,53.95744836970294
137,168.948074,172.220001,2017-12-14,173.130005,171.649994,172.399994,20476500,-0.000290325174725203,49.59044381843225
138,170.664841,173.970001,2017-12-15,174.169998,172.46000700000002,173.630005,40169300,0.010110225775669158,56.870113941596664
139,173.068283,176.419998,2017-12-18,177.199997,174.860001,174.880005,29421100,0.013984576997860834,63.458761618797794
140,171.22401399999998,174.53999299999998,2017-12-19,175.389999,174.08999599999999,175.029999,27436400,-0.010713493483920467,65.49609934390924
141,171.037628,174.350006,2017-12-20,175.419998,173.25,174.869995,23475600,-0.0010891434829541635,57.97358219994443
142,171.685074,175.009995,2017-12-21,176.020004,174.100006,174.169998,20949900,0.003778254352125707,66.37957299807563
143,171.685074,175.009995,2017-12-22,175.419998,174.5,174.679993,16114600,0.0,60.380084720442724
144,167.329453,170.570007,2017-12-26,171.470001,169.679993,170.800003,33185500,-0.025697191919951762,59.41251332009109
145,167.358871,170.600006,2017-12-27,170.779999,169.71000700000002,170.100006,21498200,0.00017579340518468798,60.512538549727914
146,167.829758,171.080002,2017-12-28,171.850006,170.479996,171.0,16480200,0.0028096854668549377,59.514707511492944
147,166.01490800000002,169.229996,2017-12-29,170.58999599999999,169.220001,170.520004,25884400,-0.010872528830725366,52.60803285241446
148,168.98731999999998,172.259995,2018-01-02,172.300003,169.259995,170.16000400000001,25555900,0.017746090969383097,51.275502858274365
149,168.957886,172.229996,2018-01-03,174.550003,171.96000700000002,172.529999,29517900,-0.00017419391991265682,52.68405439458696
150,169.742706,173.029999,2018-01-04,173.470001,172.080002,172.53999299999998,22434600,0.0046343078409417345,46.14028879371161
151,171.675278,175.0,2018-01-05,175.369995,173.050003,173.440002,23660000,0.011320977400852344,52.39802070317928
152,171.037628,174.350006,2018-01-08,175.610001,173.929993,174.350006,20567800,-0.003721194764752811,49.63301435892668
153,171.01800500000002,174.330002,2018-01-09,175.059998,173.41000400000001,174.550003,21584000,-0.0001147357220778521,41.7432099560497
154,170.97876000000002,174.28999299999998,2018-01-10,174.300003,173.0,173.16000400000001,23959900,-0.00022950509588736794,42.209389791710976
155,171.949951,175.279999,2018-01-11,175.490005,174.490005,174.58999599999999,18667700,0.005664113650096727,48.74933265278337
156,173.725571,177.08999599999999,2018-01-12,177.360001,175.649994,176.179993,25226000,0.010273424087171634,49.471420038764784
157,172.842682,176.190002,2018-01-16,179.389999,176.139999,177.899994,29565900,-0.0050950478141256125,56.38138825797072
158,175.697388,179.100006,2018-01-17,179.25,175.070007,176.149994,34386800,0.016381300648538565,66.31728787943965
159,175.85433999999998,179.259995,2018-01-18,180.100006,178.25,179.369995,31193400,0.0008929099072896335,73.39858864224158
160,175.06955,178.46000700000002,2018-01-19,179.580002,177.41000400000001,178.610001,32425100,-0.0044727151994225405,65.5714024299694
161,173.637283,177.0,2018-01-22,177.779999,176.600006,177.300003,27108600,-0.008214780548440496,65.15353876394205
162,173.676514,177.03999299999998,2018-01-23,179.440002,176.820007,177.300003,32689100,0.0002259109802473386,65.91428155748464
163,170.91008,174.220001,2018-01-24,177.300003,173.199997,177.25,51105100,-0.016056883730012142,54.93869135134294
164,167.859161,171.110001,2018-01-25,174.949997,170.529999,174.509995,41529000,-0.018012269813526886,52.46864797318267
165,168.251556,171.509995,2018-01-26,172.0,170.059998,172.0,39143000,0.0023349161953241234,45.2016291200572
166,164.769012,167.96000700000002,2018-01-29,170.16000400000001,167.070007,170.16000400000001,50640400,-0.020915650810534776,37.95160112432121
167,163.79783600000002,166.970001,2018-01-30,167.369995,164.699997,165.529999,46048200,-0.005911605715694645,36.19476794870976
168,164.249084,167.429993,2018-01-31,168.440002,166.5,166.869995,32478900,0.002751120386144695,42.0178253686666
169,164.592438,167.779999,2018-02-01,168.619995,166.759995,167.169998,47230800,0.0020882650261924707,45.01087385389157
170,157.45074499999998,160.5,2018-02-02,166.800003,160.100006,166.0,86593800,-0.044359666314141996,36.20518655957176
171,153.516953,156.490005,2018-02-05,163.880005,156.0,159.100006,72738500,-0.02530167527106826,29.110152212698054
172,159.932663,163.029999,2018-02-06,163.720001,154.0,154.830002,68243800,0.0409418664733644,32.19222683556622
173,156.508972,159.53999299999998,2018-02-07,163.399994,159.070007,163.08999599999999,51608600,-0.02163953298853823,33.805452764248784
174,152.202393,155.149994,2018-02-08,161.0,155.029999,160.28999299999998,54390500,-0.027902169373211452,33.00468351754637
175,154.064056,156.41000400000001,2018-02-09,157.889999,150.240005,157.070007,70672600,0.012157295945936586,31.346120921817516
176,160.269562,162.71000700000002,2018-02-12,163.889999,157.509995,158.5,60819500,0.03948869613033176,33.52542709937748
177,161.875107,164.33999599999999,2018-02-13,164.75,161.649994,161.949997,32549200,0.00996793334394611,38.84716396121002
178,164.85965,167.369995,2018-02-14,167.53999299999998,162.880005,163.03999299999998,40644900,0.018269412411916965,44.48572883290953
179,170.39536999999999,172.990005,2018-02-15,173.08999599999999,169.0,169.78999299999998,51147200,0.033026936795203084,50.79570210150312
180,169.843765,172.429993,2018-02-16,174.820007,171.770004,172.360001,40176100,-0.0032424575925181823,57.10004068061837
181,169.27246100000002,171.850006,2018-02-20,174.259995,171.419998,172.050003,33930500,-0.0033693730743840833,57.94709068321178
182,168.504166,171.070007,2018-02-21,174.119995,171.009995,172.830002,37471600,-0.00454913847527178,53.01591906857466
183,169.912704,172.5,2018-02-22,173.949997,171.71000700000002,171.800003,30991900,0.008324325756219907,52.0104622335265
184,172.867706,175.5,2018-02-23,175.649994,173.53999299999998,173.669998,33812400,0.01724179748068759,61.11849832809329
185,176.285675,178.970001,2018-02-26,179.389999,176.21000700000002,176.350006,38162200,0.019579235798184734,70.20771914846051
186,175.71438600000002,178.389999,2018-02-27,180.479996,178.16000400000001,179.100006,38928100,-0.0032459625147883316,69.06148177099689
187,175.44841,178.119995,2018-02-28,180.619995,178.050003,179.259995,37782100,-0.0015148304654774715,61.91524149630592
188,172.375214,175.0,2018-03-01,179.779999,172.66000400000001,178.53999299999998,48802000,-0.017671461985188767,61.88560626461816
189,173.567078,176.21000700000002,2018-03-02,176.300003,172.449997,172.800003,38454000,0.00689056379259852,64.57366324977221
190,174.167923,176.820007,2018-03-05,177.740005,174.520004,175.21000700000002,28401400,0.0034557671573426526,62.72763354726229
191,174.020172,176.669998,2018-03-06,178.25,176.130005,177.91000400000001,23788500,-0.000848685012440408,62.272161853078295
192,172.40476999999998,175.029999,2018-03-07,175.850006,174.270004,174.940002,31703500,-0.009326197469236942,55.59835715756592
193,174.286118,176.940002,2018-03-08,177.119995,175.070007,175.479996,23774100,0.010853279002456903,53.21059467475902
194,177.280518,179.979996,2018-03-09,180.0,177.389999,177.96000700000002,32185200,0.01703502042330938,52.55109427333401
195,178.994415,181.720001,2018-03-12,182.389999,180.21000700000002,180.28999299999998,32207100,0.009621278750613412,59.50370541892859
196,177.27066000000002,179.970001,2018-03-13,183.5,179.240005,182.58999599999999,31693500,-0.009676887083707335,60.01320540543752
197,175.763611,178.440002,2018-03-14,180.520004,177.809998,180.320007,29368400,-0.00853774422620901,53.65868796949109
198,175.970459,178.649994,2018-03-15,180.240005,178.070007,178.5,22743800,0.0011761614326718675,52.61051603422613
199,175.34991499999998,178.020004,2018-03-16,179.119995,177.619995,178.649994,39404700,-0.0035326425181538856,44.142348316909896
200,172.67073100000002,175.300003,2018-03-19,177.470001,173.66000400000001,177.320007,33446800,-0.015396999916890104,36.09786180321054
201,172.611618,175.240005,2018-03-20,176.800003,174.940002,175.240005,19649400,-0.00034240383702650683,42.109534125507835
202,168.701157,171.270004,2018-03-21,175.08999599999999,171.259995,175.03999299999998,36338100,-0.022915240230558843,43.4070879184595
203,166.317459,168.850006,2018-03-22,172.679993,168.600006,170.0,41490800,-0.014230482201524564,43.218715004243926
204,162.466095,164.940002,2018-03-23,169.919998,164.940002,168.389999,41028800,-0.023429031808964225,35.70082367094315
205,170.17868,172.770004,2018-03-26,173.100006,166.440002,168.070007,37541200,0.04637961005189563,37.48366538230342
206,165.815109,168.33999599999999,2018-03-27,175.149994,166.919998,173.679993,40922600,-0.02597557748400426,36.827633580082505
207,163.983002,166.479996,2018-03-28,170.020004,165.190002,167.25,41668500,-0.011110590303118655,30.583070797047085
208,165.263504,167.779999,2018-03-29,171.75,166.899994,167.809998,38398500,0.007778417890099881,31.17417590118295
209,164.18000800000002,166.679993,2018-04-02,168.940002,164.470001,166.639999,37586800,-0.006577758354055662,24.11591948267092
210,165.864349,168.389999,2018-04-03,168.75,164.880005,167.639999,30278000,0.010206843941370149,30.339943144415514
211,169.036072,171.610001,2018-04-04,172.009995,164.770004,164.880005,34605500,0.01894185634567513,37.05311744610476
212,170.20820600000002,172.800003,2018-04-05,174.229996,172.080002,172.580002,26933200,0.006910292908891353,37.488780629255736
213,165.854523,168.380005,2018-04-06,172.479996,168.199997,170.970001,35005300,-0.02591139219087358,37.97192969132207
214,167.49946599999998,170.050003,2018-04-09,173.08999599999999,169.850006,169.880005,29017700,0.009869126548148541,44.35027590617702
215,170.65145900000002,173.25,2018-04-10,174.0,171.529999,173.0,28408600,0.01864306177888332,45.31061284591758
216,169.853622,172.440002,2018-04-11,173.919998,171.699997,172.229996,22431600,-0.00468620590173311,46.630566159614915
217,171.528107,174.139999,2018-04-12,175.0,173.03999299999998,173.41000400000001,22889300,0.009810123312964825,53.47029489265869
218,172.109268,174.729996,2018-04-13,175.83999599999999,173.850006,174.779999,25124300,0.00338241178844059,60.89570077813521
219,173.182922,175.820007,2018-04-16,176.190002,174.830002,175.029999,21578400,0.006218834316505974,59.51293116332501
220,175.56662,178.240005,2018-04-17,178.940002,176.41000400000001,176.490005,26509000,0.01367018351983772,67.93396168768957
221,175.172607,177.83999599999999,2018-04-18,178.820007,176.880005,177.809998,20754500,-0.0022467584770357514,71.17946029401759
222,170.20820600000002,172.800003,2018-04-19,175.389999,172.66000400000001,173.759995,34808800,-0.028749384695138457,62.12728300470404
223,163.23439,165.720001,2018-04-20,171.220001,165.429993,170.600006,65491100,-0.04183528547282164,58.11811453266262
224,162.761597,165.240005,2018-04-23,166.919998,164.08999599999999,166.830002,36515500,-0.0029006082917705164,50.4897173304391
225,160.49610900000002,162.940002,2018-04-24,166.330002,161.220001,165.669998,33692000,-0.014016835792920167,42.75354532498029
226,161.19545,163.649994,2018-04-25,165.419998,162.41000400000001,162.619995,28382100,0.004347904582170236,42.74521345003338
227,161.756912,164.220001,2018-04-26,165.729996,163.369995,164.119995,27963000,0.003477061212332792,49.91563205151621
228,159.88540600000002,162.320007,2018-04-27,164.330002,160.630005,164.0,35655800,-0.01163731894892775,42.546829075903325
229,162.781296,165.259995,2018-04-30,167.259995,161.83999599999999,162.130005,42427400,0.017950211402128123,44.13852206944109
230,166.563705,169.100006,2018-05-01,169.199997,165.270004,166.41000400000001,53569400,0.022970291322316778,52.53816341538172
231,173.921677,176.570007,2018-05-02,177.75,173.800003,175.229996,66539400,0.04322721683514668,56.71242241128838
232,174.236862,176.889999,2018-05-03,177.5,174.440002,175.880005,34068200,0.0018105836898841296,57.49279749201857
233,181.072769,183.830002,2018-05-04,184.25,178.169998,178.25,56201300,0.03848333976336426,60.347606717311365
234,182.382813,185.16000400000001,2018-05-07,187.669998,184.75,185.179993,42451400,0.007208857082940835,61.61790221546925
235,183.259476,186.050003,2018-05-08,186.220001,183.669998,184.990005,28402800,0.004795203980524374,60.65576476836564
236,184.549835,187.360001,2018-05-09,187.399994,185.220001,186.550003,23211200,0.0070164852015284235,66.08164486795403
237,187.189621,190.03999299999998,2018-05-10,190.369995,187.649994,187.740005,27989300,0.014202583721423124,75.77536628159658
238,186.477692,188.58999599999999,2018-05-11,190.059998,187.449997,189.490005,26212200,-0.0038105011418489735,76.66914555448824
239,186.042618,188.149994,2018-05-14,189.529999,187.860001,189.009995,20778800,-0.002335841489121771,78.0112166709888
240,184.351776,186.440002,2018-05-15,187.070007,185.100006,186.779999,23695200,-0.009130018017005984,73.06805007089714
241,186.07226599999998,188.179993,2018-05-16,188.46000700000002,186.0,186.070007,19183100,0.009289366655490938,72.76802207619846
242,184.895615,186.990005,2018-05-17,188.91000400000001,186.360001,188.0,17294000,-0.006343702547938819,74.90102118157785
243,184.223236,186.309998,2018-05-18,187.809998,186.130005,187.190002,18297700,-0.0036431612303969643,69.71737780215132
244,185.52844199999998,187.630005,2018-05-21,189.270004,186.91000400000001,188.0,18400800,0.007059935080229226,67.56420472968355
245,185.063721,187.16000400000001,2018-05-22,188.880005,186.779999,188.380005,15240700,-0.0025079928287221674,59.24382641598444
246,186.250259,188.360001,2018-05-23,188.5,185.759995,186.350006,20058400,0.0063910442516608434,52.225978904607295
247,186.042618,188.149994,2018-05-24,188.83999599999999,186.21000700000002,188.770004,23234000,-0.0011154713633171923,47.61760659379445
248,186.467804,188.580002,2018-05-25,189.649994,187.649994,188.229996,17461000,0.0022828149739427617,43.3382805704171
249,185.795425,187.899994,2018-05-29,188.75,186.869995,187.600006,22514100,-0.003612388647580791,44.146289356251074
250,185.399887,187.5,2018-05-30,188.0,186.779999,187.720001,18690500,-0.0021311591871926382,36.846249681171116
251,184.776947,186.869995,2018-05-31,188.229996,186.139999,187.220001,27482800,-0.0033656378833811637,27.17276004786065
252,188.109222,190.240005,2018-06-01,190.259995,187.75,187.990005,23442500,0.017873356463232883,35.708050956526094
253,189.681396,191.830002,2018-06-04,193.419998,191.350006,191.639999,26266200,0.008323039275447178,44.18870383915528
254,191.144821,193.309998,2018-06-05,193.940002,192.360001,193.070007,21566000,0.007685564376185563,52.0300900387898
255,191.80731200000002,193.979996,2018-06-06,194.080002,191.919998,193.630005,20933600,0.003459918897446105,52.422174377747005
256,191.293152,193.46000700000002,2018-06-07,194.199997,192.33999599999999,194.139999,21347200,-0.0026842061392472463,58.97978266111293
257,189.55285600000002,191.699997,2018-06-08,192.0,189.770004,191.169998,26656800,-0.009139169514856516,57.25913549575143
258,189.08813500000002,191.229996,2018-06-11,191.970001,190.21000700000002,191.350006,18308500,-0.0024546799971069204,51.21164885269403
259,190.126358,192.279999,2018-06-12,192.610001,191.149994,191.389999,16911100,0.005475664106943868,56.47112543242534
260,188.564056,190.699997,2018-06-13,192.880005,190.440002,192.419998,21638400,-0.008251124432144999,56.10460824048709
261,188.662933,190.800003,2018-06-14,191.570007,190.220001,191.550003,21610100,0.0005242307955034922,48.82677758252742
262,186.724884,188.83999599999999,2018-06-15,190.16000400000001,188.259995,190.029999,61719200,-0.010325674578101613,37.72021099848556
263,186.626022,188.740005,2018-06-18,189.220001,187.199997,187.880005,18484900,-0.0005295929417706373,38.14872659043633
264,183.610168,185.690002,2018-06-19,186.330002,183.449997,185.139999,33578500,-0.016291874150210044,36.636036554130335
265,184.411102,186.5,2018-06-20,187.199997,185.729996,186.350006,20628700,0.004352657467412147,43.0707499216043
266,183.382751,185.46000700000002,2018-06-21,188.350006,184.940002,187.25,25711900,-0.005592011238754603,36.27022543800372
267,182.84878500000002,184.919998,2018-06-22,186.149994,184.699997,186.119995,27200400,-0.002916004362677063,28.795271849383127
268,180.12960800000002,182.169998,2018-06-25,184.919998,180.729996,183.399994,31663100,-0.014982863555475677,22.09304700022747
269,182.364288,184.429993,2018-06-26,186.529999,182.53999299999998,182.990005,24569200,0.012329632770259684,22.63715952125527
270,182.097321,184.16000400000001,2018-06-27,187.279999,184.029999,185.229996,25285300,-0.0014649940688112378,23.248930609617645
271,183.422302,185.5,2018-06-28,186.21000700000002,183.800003,184.100006,17365200,0.007249880554273256,28.599270033352752
272,183.036682,185.110001,2018-06-29,187.190002,182.91000400000001,186.28999299999998,22737700,-0.002104574640928627,28.305452154784504
273,185.083466,187.179993,2018-07-02,187.300003,183.419998,183.820007,17731300,0.011120310058587877,28.35760264285794
274,181.85998500000002,183.919998,2018-07-03,187.949997,183.53999299999998,187.78999299999998,13954800,-0.017569813083672794,29.01189239517697
275,183.32341,185.399994,2018-07-05,186.41000400000001,184.279999,185.259995,16604200,0.008014783004011865,34.10268729684209
276,185.864655,187.970001,2018-07-06,188.429993,185.199997,185.419998,17485200,0.013766886728155904,44.67858971819125
277,188.445404,190.580002,2018-07-09,190.679993,189.300003,189.5,19756600,0.013789583434895265,50.91252206141502
278,188.217972,190.350006,2018-07-10,191.279999,190.179993,190.71000700000002,15939100,-0.0012076142366401299,59.36033206316727
279,185.77565,187.880005,2018-07-11,189.779999,187.610001,188.5,18831500,-0.013060953853601622,52.66689812161647
280,188.890366,191.029999,2018-07-12,191.41000400000001,189.309998,189.529999,18041100,0.01662700978395673,60.42705856343985
281,189.187012,191.330002,2018-07-13,191.83999599999999,190.899994,191.080002,12513900,0.001569234649496462,68.28200804957864
282,188.77171299999998,190.91000400000001,2018-07-16,192.649994,190.419998,191.520004,15043100,-0.0021975900523909055,72.41919198788618
283,189.30566399999998,191.449997,2018-07-17,191.869995,189.199997,189.75,15534500,0.0028245612537397416,65.09090170932487
284,188.26741,190.399994,2018-07-18,191.800003,189.929993,191.779999,16393400,-0.005499632724945827,56.900546138287716
285,189.73085,191.880005,2018-07-19,192.550003,189.690002,189.690002,20286800,0.007743143113193597,57.532628437974466
286,189.295776,191.440002,2018-07-20,192.429993,190.169998,191.779999,20676200,-0.0022957447379229473,57.852948498429456
287,189.463867,191.610001,2018-07-23,191.96000700000002,189.559998,190.679993,15989400,0.0008875867011803657,50.83344637110655
288,190.838303,193.0,2018-07-24,193.66000400000001,192.050003,192.449997,18697900,0.007228157462734742,57.544136499180816
289,192.637924,194.820007,2018-07-25,194.850006,192.429993,193.059998,16709900,0.009385897141718039,57.695358655715005
290,192.03476,194.21000700000002,2018-07-26,195.96000700000002,193.610001,194.610001,19076000,-0.0031359881759319727,58.09381010380664
291,188.840912,190.979996,2018-07-27,195.190002,190.100006,194.990005,24024000,-0.016771472156680813,49.12680511015955
292,187.78291299999998,189.91000400000001,2018-07-30,192.199997,189.070007,191.899994,21029500,-0.005618347607456446,41.8730058735903
293,188.158646,190.28999299999998,2018-07-31,192.139999,189.33999599999999,190.300003,39373000,0.0019988911367231897,53.03716709446021
294,199.243088,201.5,2018-08-01,201.759995,197.309998,199.130005,67935700,0.05724015829981063,60.66751632176676
295,205.067123,207.389999,2018-08-02,208.380005,200.350006,200.580002,62404000,0.02881172783265628,66.28530996478898
296,205.660416,207.990005,2018-08-03,208.740005,205.479996,207.029999,33447400,0.0028889877415674827,71.79889079870442
297,206.728317,209.070007,2018-08-06,209.25,207.070007,208.0,25425400,0.005179110395535686,76.3646782925404
298,204.790268,207.110001,2018-08-07,209.5,206.759995,209.320007,25587400,-0.009419080445525611,74.31341232627602
299,204.928696,207.25,2018-08-08,207.809998,204.520004,206.050003,22525500,0.0006757217382165876,68.90218879416008
300,206.540436,208.880005,2018-08-09,209.77999900000003,207.199997,207.279999,23469200,0.007834114969039602,74.00518844495929
301,205.925232,207.529999,2018-08-10,209.100006,206.669998,207.360001,24611200,-0.0029830577618216664,72.21432368484179
302,207.254883,208.869995,2018-08-13,210.94999700000002,207.699997,207.699997,25869100,0.006436203204169076,72.7916935823744
303,208.128067,209.75,2018-08-14,210.559998,208.259995,210.16000400000001,20748000,0.00420424230784838,73.13394742945373
304,208.614273,210.24000499999997,2018-08-15,210.74000499999997,208.330002,209.220001,28807600,0.002333366082263798,73.8273602094512
305,211.670471,213.32000699999998,2018-08-16,213.809998,211.47000099999997,211.75,28500400,0.014543720246682094,79.25629750164558
306,215.897522,217.580002,2018-08-17,217.94999700000002,213.16000400000001,213.440002,35427000,0.01977317662758628,84.23439299659736
307,213.79393,215.460007,2018-08-20,219.17999300000002,215.11000099999998,218.100006,30287700,-0.009791252750730348,84.0785729490486
308,213.377167,215.039993,2018-08-21,217.190002,214.02999900000003,216.80000299999998,26159800,-0.0019512702762934228,76.11985000729875
309,213.387085,215.05000299999998,2018-08-22,216.36000099999998,213.83999599999999,214.100006,19018100,4.647999430765083e-05,68.20876066306259
310,213.823685,215.49000499999997,2018-08-23,217.05000299999998,214.600006,214.649994,18883200,0.0020439566727251347,67.00060941999683
311,214.48849500000003,216.16000400000001,2018-08-24,216.899994,215.11000099999998,216.600006,18476400,0.0031043270069473017,66.41869157780022
312,216.254745,217.940002,2018-08-27,218.74000499999997,216.330002,217.149994,20525100,0.008200987201839868,73.30606254918642
313,218.001129,219.69999700000002,2018-08-28,220.539993,218.919998,219.00999500000003,22776800,0.008043153906967112,79.77074130628736
314,221.25575299999997,222.979996,2018-08-29,223.49000499999997,219.41000400000001,220.149994,27254800,0.014819044135111833,80.08537638823319
315,223.289917,225.02999900000003,2018-08-30,228.25999500000003,222.399994,223.25,48793800,0.009151717516072366,87.901788211749
316,225.86981200000002,227.63000499999998,2018-08-31,228.86999500000002,226.0,226.50999500000003,43340100,0.01148777686666397,88.53617973588491
317,226.594162,228.36000099999998,2018-09-04,229.17999300000002,226.63000499999998,228.41000400000001,27390100,0.0032018046095719887,88.78719984820295
318,225.115677,226.86999500000002,2018-09-05,229.669998,225.100006,228.99000499999997,33333000,-0.006546194712168439,80.40142817188905
319,221.37484700000002,223.100006,2018-09-06,227.350006,221.30000299999998,226.229996,34290000,-0.016756985122205973,72.21019988872884
320,219.58876,221.30000299999998,2018-09-07,225.36999500000002,220.710007,221.850006,37619800,-0.008100880613231514,63.18925720217844
321,216.641724,218.330002,2018-09-10,221.850006,216.47000099999997,220.94999700000002,39516500,-0.013511576759818018,54.686464357198226
322,222.11904900000002,223.850006,2018-09-11,224.30000299999998,216.559998,218.00999500000003,35749000,0.02496854730000774,61.71110358120578
323,219.36055,221.07000699999998,2018-09-12,225.0,219.83999599999999,224.940002,49278700,-0.012496771789958058,68.30409953991108
324,224.659256,226.41000400000001,2018-09-13,228.350006,222.57000699999998,223.520004,41706400,0.02386811343216311,69.88449047935359
325,222.1091,223.83999599999999,2018-09-14,226.83999599999999,222.520004,225.75,31999300,-0.011416133941045523,64.24724856239462
326,216.195206,217.88000499999998,2018-09-17,222.94999700000002,217.270004,222.149994,37195100,-0.026986971549705,58.249524707140885
327,216.552414,218.24000499999997,2018-09-18,221.850006,217.11999500000002,217.789993,31571700,0.001650884093266259,52.97283494422666
328,216.68141200000002,218.36999500000002,2018-09-19,219.61999500000002,215.30000299999998,218.5,27123800,0.0005955121510400838,47.81442188172819
329,218.328583,220.02999900000003,2018-09-20,222.27999900000003,219.149994,220.24000499999997,26608800,0.007573062188015384,45.39901202438084
330,215.976913,217.66000400000001,2018-09-21,221.36000099999998,217.289993,220.77999900000003,96246700,-0.010829671766165252,33.138567304207456
331,219.08268700000002,220.789993,2018-09-24,221.25999500000003,216.63000499999998,216.82000699999998,27693400,0.01427770705398534,33.047267901130795
332,220.47187799999998,222.190002,2018-09-25,222.82000699999998,219.69999700000002,219.75,24554400,0.006320924571985428,38.186504355899885
333,218.71556099999998,220.419998,2018-09-26,223.75,219.75999500000003,221.0,23984700,-0.007998071923452638,38.95866680085002
334,223.210526,224.94999700000002,2018-09-27,226.440002,223.539993,223.82000699999998,30181200,0.02034331147849526,45.36287700920156
335,223.994431,225.74000499999997,2018-09-28,225.83999599999999,224.020004,224.789993,22929400,0.0035058010454524675,51.37741905671929
336,225.50267000000002,227.25999500000003,2018-10-01,229.419998,226.350006,227.94999700000002,23600800,0.006710809288561706,50.247304544972906
337,227.50705,229.27999900000003,2018-10-02,230.0,226.63000499999998,227.25,24788200,0.008849227694440708,47.73355555711531
338,230.27548199999998,232.07000699999998,2018-10-03,233.47000099999997,229.77999900000003,230.05000299999998,28654800,0.012095113099759127,46.305383521708016
339,226.227036,227.99000499999997,2018-10-04,232.350006,226.729996,230.77999900000003,32042000,-0.017737260935415007,46.23355848740622
340,222.555634,224.289993,2018-10-05,228.41000400000001,220.580002,227.960007,33580500,-0.016361968285358963,46.51856226260358
341,222.039658,223.770004,2018-10-08,224.80000299999998,220.19999700000002,222.210007,29663900,-0.002321105243071085,46.65877501372015
342,225.115677,226.86999500000002,2018-10-09,227.270004,222.25,223.63999900000002,26891000,0.013758384532254033,52.59299982272437
343,214.686966,216.36000099999998,2018-10-10,226.350006,216.05000299999998,225.460007,41990600,-0.047433395012682227,45.27616811307537
344,212.791718,214.44999700000002,2018-10-11,219.5,212.32000699999998,214.520004,53124400,-0.008867157540144227,49.87252559513538
345,220.392502,222.11000099999998,2018-10-12,222.88000499999998,216.83999599999999,220.419998,40337900,0.035096219199178685,51.321616786488725
346,215.67923,217.36000099999998,2018-10-15,221.830002,217.270004,221.16000400000001,30791000,-0.021617799122653276,45.14093483761262
347,220.432175,222.149994,2018-10-16,222.99000499999997,216.75999500000003,218.92999300000002,29184000,0.021797793583839487,51.07368414229914
348,219.47961400000003,221.190002,2018-10-17,222.63999900000002,219.33999599999999,222.30000299999998,22885400,-0.004330697710710425,50.211157740230675
349,214.349579,216.020004,2018-10-18,219.74000499999997,213.0,217.86000099999998,32581300,-0.02365112452222683,44.10720049796741
350,217.61415099999996,219.309998,2018-10-19,221.25999500000003,217.42999300000002,218.059998,33078700,0.015115316071791226,45.138819710815106
351,218.943771,220.649994,2018-10-22,223.36000099999998,218.940002,219.789993,28792100,0.006091398388634446,45.51032249410851
352,221.00769,222.729996,2018-10-23,223.25,214.69999700000002,215.830002,38767800,0.009382553867423616,38.332694181229584
353,213.426773,215.08999599999999,2018-10-24,224.229996,214.539993,222.600006,40925500,-0.03490370706267136,37.76142147665358
354,218.10035699999997,219.80000299999998,2018-10-25,221.38000499999998,216.75,217.710007,29855800,0.021661519840275537,44.34380910656496
355,214.627411,216.30000299999998,2018-10-26,220.190002,212.669998,215.899994,47258400,-0.01605175736863968,42.87051979670177
356,210.59883100000002,212.24000499999997,2018-10-29,219.690002,206.08999599999999,219.190002,45935500,-0.01894850382417588,36.066727292720174
357,211.65062000000003,213.30000299999998,2018-10-30,215.17999300000002,209.270004,211.149994,36660000,0.004981847449907134,36.5304680028184
358,217.167618,218.86000099999998,2018-10-31,220.44999700000002,216.61999500000002,216.88000499999998,38358900,0.02573259222005116,45.33200890028465
359,220.501633,222.22000099999997,2018-11-01,222.36000099999998,216.809998,219.05000299999998,58323200,0.01523561220795825,47.2655321358168
360,205.87561000000002,207.479996,2018-11-02,213.649994,205.429993,209.550003,91328700,-0.06863294929879082,42.573457397777126
361,200.031158,201.58999599999999,2018-11-05,204.389999,198.169998,204.300003,66163700,-0.02879900704234303,35.42937189908314
362,202.194321,203.770004,2018-11-06,204.720001,201.690002,201.919998,31882900,0.01075607572450318,36.12373857137599
363,208.32650800000002,209.94999700000002,2018-11-07,210.059998,204.130005,205.970001,33424400,0.029877378793080882,41.39716646155679
364,207.599655,208.490005,2018-11-08,210.11999500000002,206.75,209.979996,25362600,-0.0034951094909771575,40.51621325649391
365,203.596817,204.470001,2018-11-09,206.009995,202.25,205.550003,34365800,-0.019469838481764968,35.46131381034752
366,193.34079,194.169998,2018-11-12,199.850006,193.78999299999998,199.0,51135500,-0.051687267864767676,35.062152139552396
367,191.409073,192.229996,2018-11-13,197.179993,191.449997,191.630005,46882900,-0.010041501854975519,35.017839084463304
368,186.002274,186.800003,2018-11-14,194.479996,185.929993,193.899994,60801000,-0.028653981794215272,29.006297159097613
369,190.59259,191.41000400000001,2018-11-15,191.970001,186.899994,188.389999,46478800,0.024379213789643694,35.78292476931502
370,192.703537,193.529999,2018-11-16,194.970001,189.46000700000002,190.5,36928300,0.011014816973198529,41.81441904935563
371,185.066284,185.860001,2018-11-19,190.699997,184.990005,190.0,41925300,-0.0404388774087563,41.794538952276014
372,176.224197,176.979996,2018-11-20,181.470001,175.509995,178.369995,67825200,-0.04895702182415233,34.5734414012381
373,176.025055,176.779999,2018-11-21,180.270004,176.550003,179.729996,31124200,-0.001130688114086763,26.642897179295716
374,171.55423000000002,172.28999299999998,2018-11-23,176.600006,172.100006,174.940002,23624000,-0.025726916326051844,30.10228626587059
375,173.87428300000002,174.619995,2018-11-26,174.949997,170.259995,174.240005,44998500,0.013433100048342556,31.615744696633882
376,173.495911,174.240005,2018-11-27,174.770004,170.880005,171.509995,41387400,-0.0021784951972081,32.04654791389325
377,180.167297,180.940002,2018-11-28,181.28999299999998,174.929993,176.729996,46062500,0.03773181563158118,32.839100513788836
378,178.78323400000002,179.550003,2018-11-29,182.800003,177.699997,182.66000400000001,41770000,-0.007711758249600627,34.15594206504015
379,177.817383,178.580002,2018-11-30,180.330002,177.029999,180.28999299999998,39531500,-0.0054170033128151385,34.14298727627026
380,184.030731,184.820007,2018-12-03,184.940002,181.21000700000002,184.46000700000002,40802500,0.034345674512649985,41.64566426291999
381,175.93545500000002,176.690002,2018-12-04,182.389999,176.270004,180.949997,41344300,-0.044985565147032336,42.291027936855095
382,173.97386200000003,174.720001,2018-12-06,174.779999,170.419998,171.759995,43098400,-0.011212125280818904,43.902928875085706
383,167.770477,168.490005,2018-12-07,174.490005,168.300003,173.490005,42281600,-0.036308232583384184,36.09662620355815
384,168.875732,169.600006,2018-12-10,170.08999599999999,163.330002,165.0,62026000,0.006566293881528272,28.36127353744297
385,167.909866,168.630005,2018-12-11,171.78999299999998,167.0,171.66000400000001,47281700,-0.005735807313469242,35.764385004209444
386,168.377869,169.100006,2018-12-12,171.919998,169.020004,170.399994,35627700,0.0027833504075696087,43.856407135650784
387,170.219955,170.949997,2018-12-13,172.570007,169.550003,170.490005,31898600,0.010880779752959126,49.27361697625058
388,164.773315,165.479996,2018-12-14,169.080002,165.279999,169.0,40703700,-0.03252077286436586,48.00471324889766
389,163.239899,163.940002,2018-12-17,168.350006,162.729996,165.449997,44287900,-0.009349789004137835,48.2315240689181
390,165.36080900000002,166.070007,2018-12-18,167.529999,164.389999,165.380005,33841500,0.012908915901105098,47.44242101784326
391,160.202927,160.889999,2018-12-19,167.449997,159.08999599999999,166.0,49047300,-0.031688502338908436,39.46376174168781
392,156.160263,156.830002,2018-12-20,162.110001,155.300003,160.399994,64773000,-0.025558498545262483,31.2358587973754
393,150.086304,150.729996,2018-12-21,158.16000400000001,149.630005,156.860001,95744600,-0.03967231819329346,29.12429006226118
394,146.202972,146.830002,2018-12-24,151.550003,146.58999599999999,148.149994,37169200,-0.02621461321371844,22.83777715172515
395,156.49881000000002,157.169998,2018-12-26,157.229996,146.720001,148.300003,58582500,0.06805253069099886,30.569679464011273
396,155.483154,156.149994,2018-12-27,156.770004,150.070007,155.83999599999999,53117100,-0.0065110147718842794,37.66592818263719
397,155.56282,156.229996,2018-12-28,158.520004,154.550003,157.5,42291400,0.000512245831170721,43.782845544245085
398,157.066376,157.740005,2018-12-31,159.360001,156.479996,158.529999,35003500,0.009618855896607822,50.94712614797124
399,157.245605,157.919998,2019-01-02,158.850006,154.229996,154.889999,37039700,0.0011404529910422872,44.372788724421376
400,141.58277900000002,142.190002,2019-01-03,145.720001,142.0,143.979996,91244100,-0.10492438943236375,36.16577088792425
401,147.626846,148.259995,2019-01-04,148.550003,143.800003,144.529999,58607100,0.0418032224644082,37.91689472069052
402,147.298264,147.929993,2019-01-07,148.830002,145.899994,148.699997,54777800,-0.00222824116910498,44.44793167315729
403,150.106216,150.75,2019-01-08,151.820007,148.520004,149.559998,41025300,0.01888361224637652,50.248969992152766
404,152.65528899999998,153.309998,2019-01-09,154.529999,149.630005,151.28999299999998,45099100,0.01683921629430078,50.787658421899955
405,153.143204,153.800003,2019-01-10,153.970001,150.860001,152.5,35780700,0.003191091030255739,56.70830209390914
406,151.639633,152.28999299999998,2019-01-11,153.699997,151.509995,152.880005,27023200,-0.009866587058787272,59.92963429148926
407,149.359421,150.0,2019-01-14,151.270004,149.220001,150.850006,32439200,-0.015151247753405216,65.90312640608673
408,152.41632099999998,153.070007,2019-01-15,153.389999,150.050003,150.270004,28710900,0.020260108008284202,71.19541309680122
409,154.27833600000002,154.940002,2019-01-16,155.880005,153.0,153.080002,30569700,0.012142617002877025,69.86358275363133
410,155.194397,155.860001,2019-01-17,157.66000400000001,153.259995,154.199997,29821200,0.005920157596097906,68.65852227619649
411,156.15031399999998,156.820007,2019-01-18,157.880005,155.979996,157.5,33751000,0.0061405893207243,68.18632276489346
412,152.64534,153.300003,2019-01-22,156.729996,152.619995,156.41000400000001,30394000,-0.02270190324926285,62.479380584039184
413,153.26268000000002,153.919998,2019-01-23,155.139999,151.699997,154.149994,23130600,0.004036120648636335,64.15150786135341
414,152.047897,152.699997,2019-01-24,154.479996,151.740005,154.110001,25441500,-0.00795772896233429,71.96938633019573
415,157.086288,157.759995,2019-01-25,158.130005,154.320007,155.479996,33535500,0.032599676415212546,70.66483507987743
416,155.632523,156.300003,2019-01-28,156.330002,153.66000400000001,155.78999299999998,26192100,-0.009297652853431423,62.9471566712278
417,154.01944,154.679993,2019-01-29,158.130005,154.110001,156.25,41587200,-0.010418778399802143,63.11207944330839
418,164.544296,165.25,2019-01-30,166.149994,160.229996,163.25,61109800,0.06610098233968437,64.73201974328845
419,165.729218,166.440002,2019-01-31,169.0,164.559998,166.110001,40739600,0.007175429053512979,65.37183838652362
420,165.808884,166.520004,2019-02-01,168.979996,165.929993,166.96000700000002,32668100,0.00048058428912228985,71.55933390607564
421,170.518677,171.25,2019-02-04,171.66000400000001,167.279999,167.41000400000001,31495500,0.028009009350850572,78.27551992939095
422,173.436157,174.179993,2019-02-05,175.080002,172.350006,172.860001,36101600,0.016964727241128266,78.81743802195187
423,173.495911,174.240005,2019-02-06,175.570007,172.850006,174.649994,28239600,0.0003444708984979932,78.87092648494897
424,170.21000700000002,170.940002,2019-02-07,173.940002,170.33999599999999,172.399994,31741700,-0.019121021440298532,72.05777024796528
425,170.41000400000001,170.41000400000001,2019-02-08,170.66000400000001,168.419998,168.990005,23820000,0.0011743116465526518,66.28901760779229
426,169.429993,169.429993,2019-02-11,171.21000700000002,169.25,171.050003,20993400,-0.00576750073708538,72.02745543543085
427,170.889999,170.889999,2019-02-12,171.0,169.699997,170.100006,22283500,0.00858024795208324,76.8334703165525
428,170.179993,170.179993,2019-02-13,172.479996,169.919998,171.389999,22490200,-0.004163409518607553,81.98531861176097
429,170.800003,170.800003,2019-02-14,171.259995,169.380005,169.71000700000002,21835700,0.003636639630379953,76.56230687061732
430,170.419998,170.419998,2019-02-15,171.699997,169.75,171.25,24626800,-0.0022273322547741344,82.11037298701703
431,170.929993,170.929993,2019-02-19,171.440002,169.490005,169.71000700000002,18972800,0.0029881083516410667,76.7094687817561
432,172.029999,172.029999,2019-02-20,173.320007,170.990005,171.190002,26114400,0.00641479938026919,74.74035779629507
433,171.059998,171.059998,2019-02-21,172.369995,170.300003,171.800003,17249700,-0.005654513935176761,68.3440317342351
434,172.970001,172.970001,2019-02-22,173.0,171.380005,171.580002,18913200,0.011103814376349695,67.17051363327698
435,174.229996,174.229996,2019-02-25,175.869995,173.949997,174.16000400000001,21873400,0.007258067639473544,66.29942530072219
436,174.330002,174.330002,2019-02-26,175.300003,173.169998,173.71000700000002,17070200,0.0005738237509637217,58.774343152056865
437,174.869995,174.869995,2019-02-27,175.0,172.729996,173.21000700000002,27835400,0.0030927459052802284,49.781989436873275
438,173.149994,173.149994,2019-02-28,174.91000400000001,172.919998,174.320007,28215400,-0.009884575936504245,50.28628895630973
439,174.970001,174.970001,2019-03-01,175.149994,172.889999,174.279999,25886200,0.010456300175399403,58.18765702772108
440,175.850006,175.850006,2019-03-04,177.75,173.970001,175.690002,27436200,0.0050168566681856345,59.1362135729493
441,175.529999,175.529999,2019-03-05,176.0,174.53999299999998,175.940002,19737400,-0.0018214302687569962,52.59838315301696
442,174.520004,174.520004,2019-03-06,175.490005,173.940002,174.669998,20810400,-0.005770591595804782,45.792136701441244
443,172.5,172.5,2019-03-07,174.440002,172.020004,173.869995,24796400,-0.011642134704003349,45.32369479277618
444,172.91000400000001,172.91000400000001,2019-03-08,173.070007,169.5,170.320007,23999400,0.002374014578705321,37.79459353166484
445,178.899994,178.899994,2019-03-11,179.119995,175.350006,175.490005,32011000,0.03405570592626346,46.03740647985788
446,180.91000400000001,180.91000400000001,2019-03-12,182.669998,179.369995,180.0,32467600,0.011172735167227964,47.297203427488576
447,181.71000700000002,181.71000700000002,2019-03-13,183.300003,180.919998,182.25,31032500,0.004412356040274675,54.36612009972401
448,183.729996,183.729996,2019-03-14,184.100006,182.559998,183.899994,23579500,0.011055218676680034,55.13794837880587
449,186.119995,186.119995,2019-03-15,187.330002,183.740005,184.850006,39042900,0.01292433325149264,57.457046385886876
450,188.020004,188.020004,2019-03-18,188.389999,185.78999299999998,185.800003,26219800,0.010156761312678439,63.02007715273279
451,186.529999,186.529999,2019-03-19,188.990005,185.919998,188.350006,31646400,-0.007956282729333766,62.04482188844893
452,188.16000400000001,188.16000400000001,2019-03-20,189.490005,184.729996,186.229996,31035200,0.008700607273362049,69.51120528723183
453,195.08999599999999,195.08999599999999,2019-03-21,196.330002,189.809998,190.020004,51034200,0.036168284077047176,71.67682015989939
454,191.050003,191.050003,2019-03-22,197.690002,190.779999,195.33999599999999,42407700,-0.020925780450207942,62.518339195779475
455,188.740005,188.740005,2019-03-25,191.979996,186.600006,191.509995,43845300,-0.012164756510948171,58.9174682994258
456,186.78999299999998,186.78999299999998,2019-03-26,192.880005,184.580002,191.66000400000001,49800500,-0.010385479388684993,55.14812053516072
457,188.470001,188.470001,2019-03-27,189.759995,186.550003,188.75,29848400,0.008953894638449218,60.52157053340526
458,188.720001,188.720001,2019-03-28,189.559998,187.529999,188.949997,20780400,0.0013255920638544129,64.97804941972026
459,189.949997,189.949997,2019-03-29,190.080002,188.53999299999998,189.830002,23564000,0.006496423441729486,64.4985608689417
460,191.240005,191.240005,2019-04-01,191.679993,188.380005,191.639999,27862000,0.006768346063055725,64.27090806024644
461,194.020004,194.020004,2019-04-02,194.46000700000002,191.050003,191.08999599999999,22765700,0.01443205724650847,63.76177268198342
462,195.350006,195.350006,2019-04-03,196.5,193.149994,193.25,23271800,0.006831585065613463,63.84919523625226
463,195.690002,195.690002,2019-04-04,196.369995,193.139999,194.78999299999998,19099200,0.0017389324811785177,62.33833452140482
